{"version":1,"hash":{"type":"Buffer","data":"rekhKJJy3tn+GTMDFnzRf499ZRNVdIQMVgUnlZtyP/+/xzPDjZ7talq1dmTdZHofE3tiLYMa/NLjITX5AvR1RCLj0GbY7cadgom35KWzqIc07O6hcX3wfgRgd7ssYYZ5YT8D+ZrRJc5OrMGiAnsNEadCFkyb315wzsB+OR4OzYE="},"indexValueMap":{"BQ3ZYCA+zPkdT006KOx3jdgB0FIxzf0tVp43COsPDYo=":{"valueMac":{"type":"Buffer","data":"UaRv3OIvkVh7fetFVZOMhp/6HpEFq/jSYmypdqN2yWg="}},"AwvRMWdqsP84xVWMNZOOZJAb5vZtDPNPhB2rDhCh1KI=":{"valueMac":{"type":"Buffer","data":"5CIcpZXOvNlSgwlfp8FfDLxQpRGCppAzbny4RAMlPP0="}},"ZrhZdh62kGlsS6ETPdCgMmC77/qdonDc322R4D3xoYs=":{"valueMac":{"type":"Buffer","data":"ypdgHJXuSyN3a6cGCjemaKq//zexN7YboN3Yfgql9S4="}},"v5LYSTxRYcosbyDaYcQy9yu+bDtNye79pkKNvMdqoBY=":{"valueMac":{"type":"Buffer","data":"wpx5oDzx+zT2tIm0PSs9704U+mu6CSLLB+LmGDyJySc="}},"UulZhNi23vuxiaaW3e193hwX/pVLQauLM1qhcVqW0Eo=":{"valueMac":{"type":"Buffer","data":"BVvKLyWK96nV9nloXwHC2fUdJ5OPVf4viRjsw3+GXwg="}},"OmNhvhFsjMofK747GNLWVi+WkfU89tP1UEQvrUyk/rc=":{"valueMac":{"type":"Buffer","data":"K8YJnuHEIMD2KsXAn9qxt+FDBiqW+HCadOhyJqfLvnw="}},"UtkPZploOsVoeYC6TbU95x4L0moBmP5OcIJpkMHLh7k=":{"valueMac":{"type":"Buffer","data":"kkFnZtlZciUrMfHYbsksumaAZFoTqutIqeStelewbgo="}},"HPC8orX80I7dvPPc9QCjYYi78ymvQ+fZHxznt8irGBo=":{"valueMac":{"type":"Buffer","data":"2DQz1hL1dZNpD1gLjZfmsbwEmu7OQ8WMsd88P2M7jOM="}},"L53VmQuP+1x5vttuBUeIUpx5vl7d3HGwgzFAmECzBgM=":{"valueMac":{"type":"Buffer","data":"RdOvBsNXcfgYrGwKHD22goKt4Snv4K0qwvE+ZOYFPU0="}},"sA3WJ21lR/EAXfuTUGOo3if+w53VM5sIdKjEWjVAhCw=":{"valueMac":{"type":"Buffer","data":"wjJiGhp62YO8VX/35cEsp4mxenko5XYC3D9LQVC2Aso="}},"N6LsZxP3f/0dPpXHTVZofKPGDrPMJ8tGXiYJEEUJ5Vo=":{"valueMac":{"type":"Buffer","data":"LKIC1GTD+4bTIS7daVKM2QPa/8XXV7UucX4jn+eEigw="}},"jmi106J+jCOu/giU621YHQwGAfGP1hOUyeGL+zd8GKc=":{"valueMac":{"type":"Buffer","data":"/q5QQ0EkeNxzb4sPFJj0PlQNu2Rn3vkWkWLnWj3/Cz4="}},"Igldo5xp8d1g1Ixl9hhpy+cgHpc1e6O9te/lwqE9dgU=":{"valueMac":{"type":"Buffer","data":"3x0RvKPbKec/mU4l6LisHB9vqPvmgSJB8kM96fmeqSg="}},"xrC1jZbiFEY2Jqqre4nYGX5xS1a9n8IeGpVCVkdqyEE=":{"valueMac":{"type":"Buffer","data":"IgHIi5VCtpFIU1m/VXseoB3sss8McnTGl91hic+DsEw="}},"rWVu6+HD/N8V7wxD3v7Dme4UrpzKwvBCvnqH7Ctp22A=":{"valueMac":{"type":"Buffer","data":"2aQnvXEim9iXtB4jILWPBtcqZ3gC9Ccc4NCoQF7hnm8="}},"1z+s7HsvwdbVDlm5q+NuZLgUevASlaGfwBY+i9KZ/dQ=":{"valueMac":{"type":"Buffer","data":"W1as2V589yHZ478q3eQBDML/qshXBbsxI4KnvYY4Gqg="}},"cXY9YxIE/hN0uSSRaQg5kbVxyhz72tAWPjjX5EEit3Q=":{"valueMac":{"type":"Buffer","data":"uKMApFpMLOIGSE4CBYgW8SQIhTV0mDxQHHu3eycev8U="}},"JljXCs2HA+TuyjUw+jOo+iMR1W/op6/eO2vusFyH4bQ=":{"valueMac":{"type":"Buffer","data":"WwzL9d8ZSG3gNeoIjSrdfQvtXzIRgmh06rmrIpYVHcs="}},"Puw6ngA+P2og2+DsZ2HzkrJ+jdL4KHL+AseEttqZMZE=":{"valueMac":{"type":"Buffer","data":"epAEWR41T4cqRaeJS8qblotlLW/kWzZJtqezMcjqNHg="}},"aB8wIz/0kztbwf/CVjC8/wW0FNTeizVMDvj3iGF6KLo=":{"valueMac":{"type":"Buffer","data":"FJk91Uc78IQB6Q/0vjqz3kHQXCqTrif/YPb6TEW6lxU="}},"CGdRbOVfq2Ez3vfi3oyo+8KF9CcYsb9DAKMVE+tK4eg=":{"valueMac":{"type":"Buffer","data":"GRm4nQiw8tVRrTIyyUevleVtWTj/d3I/YZSKyC3TChg="}},"1F0a6nugQpdWxZm7Q6bw2zcYY9A/gXdoYLGxWuhnQ7I=":{"valueMac":{"type":"Buffer","data":"tyIA45PLxZSNlM+KjzwO8LcP8C2nOkdeV1OaP6Kpx0g="}},"/yODYSwewKiUMw7adFHBCRtJqHozsnrorPS7327EBBI=":{"valueMac":{"type":"Buffer","data":"DGmaTe3NpVkN85md/WhQW4PkFRSiSvIWoimc1aNfpIY="}},"8gtZJGUY+hc0MMN/15PswPeqyBcdxstkfFztHiKMI30=":{"valueMac":{"type":"Buffer","data":"lSvX0DrzFa37PT+9VPVw9yUPmR16b7jhTlv0zGSDE2g="}},"rvYkApOB7k1jllzoABBXXDz8fyvNxnakhRJVBFQacMg=":{"valueMac":{"type":"Buffer","data":"KpXFDAeJb9v6vqMqylC4lEzSegqu+Bhw4zYzGbr6MqA="}},"l3proqSq94oqU7c1u5KrejhgXSZwQ7rHSicjLANJqTw=":{"valueMac":{"type":"Buffer","data":"bUeMA2XsIocjdcYjOVOhh18hSbYLCMY7pcdeSxtZQj8="}},"XkP0+AtRjHgqRCZuJIMlubGI0RetmAvhGXlcCh4jmq8=":{"valueMac":{"type":"Buffer","data":"K7pQ9MQQHxMi4P7lYNS0xZOfPknowrLL4bnFvO2l3hw="}},"Fvf2VXdVTMhgkRcCk5Z/vsI1km27a1ULsqh23VfDm+A=":{"valueMac":{"type":"Buffer","data":"DZWpQ2SqiF3MmxPGtOsu/VaQ5quTSTqtZz70coN/RVY="}},"abD/K+0GHXykgsd+G5OhQSnfvcxfBC/Z8qRE6/O0q90=":{"valueMac":{"type":"Buffer","data":"Ci3ECiLHqPFVSc8tVL//GLxOc0heLqzTM0ysVGtbJms="}},"36p4fPy8UWcpf2MSnaB94sRh5bhmk6qjwC69SBh2wTQ=":{"valueMac":{"type":"Buffer","data":"H3U/c4MW75viosk+nHNtl+OG9kO+uWin20m/Wq86Zzw="}},"8SX6i+9tr0VCsZnfMDVWfKhEIyo/ZvhZCOqmo1bZh3U=":{"valueMac":{"type":"Buffer","data":"+g4fjXIk0h2XW0n6fJ4GuW8T+0Ji/7VmvvFGa278ZHQ="}},"EcY7WVJrNrr9/Sye4jMdciVI+d8YvLuB5YcATR5WDSI=":{"valueMac":{"type":"Buffer","data":"7HXPzmQbkQqEfMgCSMMor52eX0yvjPdtsRF4mIYPyIg="}},"pUEgAHL4I6vCUQpmcmlcIyEHHMCluCWolCpxjANNe6E=":{"valueMac":{"type":"Buffer","data":"9p8iuGLKxr4sNKw1DPn/wq/ngKxmUb29iapJLowb+38="}},"DREHEZ31u6/yvERKtMKaBuuy5YMv5Qj2q/YqOiRG2B0=":{"valueMac":{"type":"Buffer","data":"aJrCkHJpApezKHeoQZ9pQq4D5VwElOR9sqjtExs0Ook="}},"x8XvkP0WtKAECrHjgVsmG2He4YgckjAuP7tIf+DAHFI=":{"valueMac":{"type":"Buffer","data":"8IxBYBAf2b9iJO0dsN7nW9NIN0fK55Vz2onI5dODY6E="}},"PdMH2cNlwrXOk4Ls71R5yeOEQWgd9Q1WqkKfKUQYJMQ=":{"valueMac":{"type":"Buffer","data":"8MWVn9RbvjY+twG/F3vHy32vZ3z+7HqMIB3MCh0hvco="}},"+PsUcZPtNCOMimjqLZTsLtx49E02XIfxdp5as9cmBA8=":{"valueMac":{"type":"Buffer","data":"HZN9MzodMSz3gslNsCbRBzxicKgx2ZYLmB1PbVVjN+o="}},"cQlHDVVHzgOgF8pAZrpcii/1X+iMOJJFFNBW6nU5bzY=":{"valueMac":{"type":"Buffer","data":"EquhxV5UWa0mrLXq3DDxWFSRx2e4B4tImItWQ5GSVT8="}},"d0JtaAa49UIl0sAjPGayIZT6ycq90PQaHANKBM10RMU=":{"valueMac":{"type":"Buffer","data":"A7MOkKU675rCtMlXcqPYpKGrVtn3b8OpTU+kNXYs/sM="}},"FH3A5ec47iujJSc4vHH23mroIkDX0/snz4DainXNTvg=":{"valueMac":{"type":"Buffer","data":"niI7sx+/uSVUTFtsNC8i1k9L4MCtrttKtDpddZiUjRQ="}},"xrVR9LQk+nXw+HZ4g0wcMF2rqw0P6Kz8QCeK62AhGsg=":{"valueMac":{"type":"Buffer","data":"i4tyGsd3oY8oHnU8mGr9JdXxkltU/QAnr3BsvSRq+Uk="}},"o8MWqZDT1C6vQa0wKKwKsrBloB75R7M8vsz7EkG+Dzg=":{"valueMac":{"type":"Buffer","data":"5wBvYG1h/DSsOMbQrqRRdRshd7tceg+f/t27zPK0hqQ="}},"Zh/m0tOH5TcTnQvDs3jpo4nSGLhCxX2j9vi92pLrLiU=":{"valueMac":{"type":"Buffer","data":"zqdlpGgorwVvLKmb9aCMrfvSUxy/j56SwDixFfWaPHw="}},"sMB5BJFgpOhPY1fZRkG2geI+1FOvohn4NRO2YcrhLFo=":{"valueMac":{"type":"Buffer","data":"v909EbEgEbBpDgYiH2VX4JWVyckn02pn7lzjckgg6rs="}},"DEYGuhSDMuJ8vfsJ0qtIOUdfwYIFDTh9/DC7I5wmqW4=":{"valueMac":{"type":"Buffer","data":"dZXHUVVRJr7OlmZ1PEN7PvCJFfwPbq2RUHLR9vUxUrY="}},"2QMyhluWDXUZdNYXJtY256nurwAaPmZwujDGRWBGVpA=":{"valueMac":{"type":"Buffer","data":"PQbxcs7AlASRhwBLQjM64xqsofmZ+gB7Iitq48qyj3s="}},"aaR01gSybUVLCj77NXLEmNuqTduKPcHNfeecxwJrxYo=":{"valueMac":{"type":"Buffer","data":"V4raCrQdbUPBQUfnYTn9foDjiFrQKCbJrQXrxoUHDjI="}},"WLhJv9ZBkOmaV8bTZjm8rBlKHjPhDGV3XYgITC8T1lI=":{"valueMac":{"type":"Buffer","data":"MjCFKhCmRleb1n61ICDUvu5O1jLHdYQXtobdBjCJY8Q="}},"uoGZR7cT+aer93KcPdXMse5HAxQItGfGfIbGURjCj+g=":{"valueMac":{"type":"Buffer","data":"AxOxWRX5KmyAgHUkZBxk6ZMCIZG5oqwZc3XUYMPQ3M4="}},"KG8sawZ+9oncKHaW26J7OwMfqVti3pzepkEh1YMGQ24=":{"valueMac":{"type":"Buffer","data":"N9WcOcuvx6c0xsMsQZITDzIse8hMQ3BpsYrV/ApPK1g="}},"0wGRcj6YuJwbDA2yKz7FtFtfIJCZ80dLcJ20z10jvMY=":{"valueMac":{"type":"Buffer","data":"otKjKczv3PzAD2yco2GTxPJmy1iRI3SUFuYXsAzxr4I="}},"6bdGEHYl6Z1yNbDkGfVzI7oRx5Oe54PqBlciV20FPpY=":{"valueMac":{"type":"Buffer","data":"cx13qPqUDXps7qBmwa34iJLq88wuXSatH7FtYRyx+lY="}},"2JbC4HisUtj1uJUHhRGtEbprglOk8kCYnA6UGF/wUnU=":{"valueMac":{"type":"Buffer","data":"dGfXIl0vqwCIoBvbuqcE4DZIGLjcBQjE5AJVCnfulC8="}},"UEpj40vs1kYHVFkZQdVKg8g7aT20S9hsxYaSM23y+2U=":{"valueMac":{"type":"Buffer","data":"Db4kXCsDWNjLYviR7JkCqrtNPppeUtFGxXiwh0RaXOU="}},"dwCaJrOoBWX1jnVYQl/zEyivdRtSz+BNTY/wy1DDZvA=":{"valueMac":{"type":"Buffer","data":"xMTmYbsIpWjPBGAnuisAblxFrut0vm2vx4wojSKri3c="}},"29ETM/Vje+yQpVw8NgvXOYNbEyXZWktXpEkq+nIH5bM=":{"valueMac":{"type":"Buffer","data":"qOTq4EPZ3dAyGzKY09n1BU0MhtY8ZjmePgFKGaZ/KSY="}},"mbj/J7JV9m0mHe6yU3f8PMgRcm1Dgr6diY1kXitszuI=":{"valueMac":{"type":"Buffer","data":"qqhbCg3ym0EMd9s0mgGqjj8JJv7DzOQjvUeex5DfpcE="}},"kcwcQzs11nwyv+SSAyJB0fHdvHVJyJQjTWG4bOXT4R0=":{"valueMac":{"type":"Buffer","data":"mybkvRkIlbVzez8ar+eKjqaCV7EkaQ+vUz+6mCy5R2M="}},"SI0YpjJ/qijc731wK7rIKHLh9KV3z7On6z6UtE2QmIw=":{"valueMac":{"type":"Buffer","data":"01jJgqgaWLh/n48jw+d1MmsjToZ5Eug+u64SI2kHSSc="}},"Oj7RguGp+NTN9tphNU65u0IjfVXdVji8+bXoAY7UCig=":{"valueMac":{"type":"Buffer","data":"GAyp0tmAuWh6WEClwEgzQ6sTfYgr+zOmPakP8u77Q6c="}},"oERu89NAmCmfBurAxSTrRsfRp6Fm1aD9Lhl5MLDJDh8=":{"valueMac":{"type":"Buffer","data":"xFZQFNeFZJZn9zbhfA2K4lAN5LLYqWouX5QIPvzJZU4="}},"KXDg4j2vGdHU9mAV6spKSV6jhI61Cvr2TM6+a5eDVlY=":{"valueMac":{"type":"Buffer","data":"fmyGchFYkaIbs98jS/aPgEMlz573okH5RFasQ8kjn+8="}},"UcN0Vz6KAirsvNSROkU60TFuoCxIYyjddjFlSfSUXoU=":{"valueMac":{"type":"Buffer","data":"OuWUnX8g0/nmsEyV44kjT387s9SfPzsImYahtysVfdk="}},"7W6c7YPvg7wwEH3HSI2u4QIac/0uJN2hCeoopaZ+ZrA=":{"valueMac":{"type":"Buffer","data":"Y8zSEi+UT1LAnp216B7g9Jg/G2FzXgRBxhrmt6VmGjk="}},"gcDPxrvgAix4w65OLALKakIekS6Gf4RazB07SOt5HV8=":{"valueMac":{"type":"Buffer","data":"vVI6s3kmVv+qBfFNB55m/lY7KrgZKEL3B0zmtEyfdIw="}},"4H6D2LoPN2L363CpBDIdfHaJwl+KVVcOZc2WhM5dzeA=":{"valueMac":{"type":"Buffer","data":"dF5pByXSq+prK9fWQkAjBqZDdKjtQt0/nYmlV7Cqzsk="}},"0smRAjeu9/W3iZ5n8FfE3aSvYA7Lw9LcRC6LW6TY2a4=":{"valueMac":{"type":"Buffer","data":"R84rBwS5g52esX43FDnannXgTF1xr8c0IP6ln813Efw="}},"SwJt+TOS8MnKXNmf7/32G7KVJRZjZak3DpHS8Vu35Ww=":{"valueMac":{"type":"Buffer","data":"Yo5OQ6RMLGLrxjizDMr3o2K1KNXFASgxiowrUXoP5nI="}},"lchwqXWDxzMHzx6p806YjwdnuDkewEvX7PKw/CG863M=":{"valueMac":{"type":"Buffer","data":"yi98eP+u1bHKpt/a7F0wW6QWe6+Hkhg6zeJSIem6NGE="}},"1C+btBSbusD4+PcKI42Hmo9wPCSmvDpk2gXqvRd58Qc=":{"valueMac":{"type":"Buffer","data":"oAOg/QiMLBylvBQJasaFhVbI+b6PZteJNxZNS+bWh68="}},"KTKPFuI+h7RhUqd6l/TCkGKQBNIWiVov9G4nNpK5a/c=":{"valueMac":{"type":"Buffer","data":"Dz2MwsZvSuWsefaSjbIRHAyM/G/AmOHTGzLBCvB+b/Q="}},"gO006B55nKNp8CZH8+4nSQKKgObHT1H/CnOLmec5ylI=":{"valueMac":{"type":"Buffer","data":"XxFFb3WceHUhdOV9Pb6NY5YfAAM90+qBRwOPFA6cjVI="}},"n+uvkguYRxTXj4XYeLUbeXpzdqc0DzE3QRimws7W7jA=":{"valueMac":{"type":"Buffer","data":"93FZ2SevBePaCsgEB+Iyi1Gr+1ADnjjOL59Xh31WJrM="}},"T+e78dV2w7ec7EUJ2cDHlcD8oYvbFlf2owJjMhFXowg=":{"valueMac":{"type":"Buffer","data":"IametIUn6v0Z2x10ovDtK2ZAbEjWFkGqQLQkocl0GFU="}},"SFN1YymWlDWQ6Hb6Ax4kSZzDRblvdYqUeTelT1O+hcQ=":{"valueMac":{"type":"Buffer","data":"jWj2RdDyYEtwlkqBMmGbUlGnf3X3Cs5zoeEMGDsMctc="}},"e2Fvbc4lHxGP3exKoqNB6J5hI94OhDLAysMU9Vkj5C4=":{"valueMac":{"type":"Buffer","data":"pmrb8N9Z4Mo+GpOMsEUuV5uSJDMTNrbTvTMuo9A76Fk="}},"YT8krg6RozRnT422prW6FPjW2BKCtPJnfoptDUWs/Sw=":{"valueMac":{"type":"Buffer","data":"drMYSlROYQqe5UCGacdxjAq/uxPOQ/VOYB/GJoyVXy4="}},"ten7rP6A728wk3zWsenFXoZ673+dQMtme6Z8o471HNU=":{"valueMac":{"type":"Buffer","data":"jxcUpC9PfkRByCwR5J6gtBlUEdV2MPynCkOGYgD0VfQ="}},"1WT4nQPB/ddKfbbL4RXmcve9qE7LrMbAPL/y+nLpZYc=":{"valueMac":{"type":"Buffer","data":"U+IbhGgOyWv/mVHBngm1ogT4dbTa5JhKQt3Uv9Vmg4E="}},"puY/tZ6VDTX6LuZIuJPFI331w/0Njxos7j2vnwRVU3Y=":{"valueMac":{"type":"Buffer","data":"2Zs/9A7lm1Gb+rLb64Y/i0P1v/vXh3lEQe2iqo123Nc="}},"ipbfJ0Rsw35wOW5DxgyUUak6eNrOn3tyeFIIyNvw7Tg=":{"valueMac":{"type":"Buffer","data":"f1/QWQ16++0e8a09Z9TC67XbXOwZlPPK8C/nOBJkskw="}},"4EEO3RrbjSQi+x0ztyDm9RH1jmRzgeEt/lZrO0a7wf8=":{"valueMac":{"type":"Buffer","data":"MVfAV+vs2IHgY4CoVVfEOXjphaxN41VHDVba+LAgPeA="}},"k+1WbkPRLla2opsjdKYd5CK24AkFGR3N+l0Njr7x/BM=":{"valueMac":{"type":"Buffer","data":"cIzNDdOEp508hACFqGQC+6Zva9EOZp/5z40Ms86Xd8c="}},"bdBLpbaSEVALJC3uIy0Gi8QBqbUwmxixDibBEOGeFic=":{"valueMac":{"type":"Buffer","data":"0CSJmSx6Mqny3IbfFsTRJ7A6LsvZXHNYFF6X3TxsNiY="}},"lmgWZ7PQfmDlKI612ZIAkEB7uGqkGczUNHzjp0bMkdw=":{"valueMac":{"type":"Buffer","data":"CEhogKWs8IF6GOgkA4+Ap7OF7N3iS4zE2FSuwwz21kE="}},"t9RZhc50CR35GqgPQDgrPHihz6yskVX0lVIEHvdGUhc=":{"valueMac":{"type":"Buffer","data":"7Icvd3WBlZCpGT0D7fhHi/CTs8MdipLT++V0aTOxWQU="}},"OlW5WbUqUgHQrVn3hAJ9C2mVE9Db7bTanzN6iyx82FI=":{"valueMac":{"type":"Buffer","data":"UWagZdIlwqu1Y42FfjJeuVOgEQvvYr2YBaKCT5wap1o="}},"XBtcFzo3QxUwh8WfzAGtE5DYwE87kMd3l/fTYQHCw3U=":{"valueMac":{"type":"Buffer","data":"96GBB/XTOgocPnvJsJLSdKdV2XhKVS29lWKvxcaWzn0="}},"Zusc0pAVc/+UmmYNPj6WvIanniDmHWUwGCke512i8+4=":{"valueMac":{"type":"Buffer","data":"YAxSFb/bE9qGFfFW5Dv/8HwHp1/uIOdj6WptVndruro="}},"5MgOwrBmvgbS1c/g3ys5k3bqwVpnuBFc2lfCZUJaoT8=":{"valueMac":{"type":"Buffer","data":"PxaH9y2nrXDexkCYr1yWJuHc8ft8diZ3NpPXitxnk0Q="}},"dhtB2n9b1WJSoS95Rn7oMiGzGMVaaHp+6tF0oViVelA=":{"valueMac":{"type":"Buffer","data":"zbB8LVfCJpEczKXo+6m9ouQZuPjJEdI/dIaFs1AwV+s="}},"JjMsnSHGvY0XAkXrmmHWFnL5uk/fzWoip9y7ct5Ok1o=":{"valueMac":{"type":"Buffer","data":"5i7dyns0dp6war9/C9cKkQITSbHDukhOzml/vK7ygII="}},"pLf286wSpgpkcv/Ym5LbJipA3CeHkOElTuVEc8TUt0w=":{"valueMac":{"type":"Buffer","data":"xLN9OFC7Vmge75WdKNj/XlC2At3JTbMDfE0IUWFk3sw="}},"flYZsjSzJ8ZZwipnlZN9vc1JNT6nA1ksW7oDzL0/KGg=":{"valueMac":{"type":"Buffer","data":"jkOWaPltXlw5a8Ua4bu42DTlqaQHor1I5qLcVcICrOg="}},"tFlNIovH5GGs+YgCyxW+ebaKcxCmLIxz84RcPHC6bpw=":{"valueMac":{"type":"Buffer","data":"OTpnUlbnGM7zwVlefmiaSqRQn8r/h8uWPOJcimDR8z8="}},"pTwT01/Pn3Pwgcby6JVDBu3G6IARcyu087GbyFr6J50=":{"valueMac":{"type":"Buffer","data":"l/gDLYFl1WrC2yQgGFV4yzmO2+UJbAIjUbelnu80jlc="}},"MxXxwSm4+DWIu25yJ0oRCjD32riaoLM++CRBESLmAWY=":{"valueMac":{"type":"Buffer","data":"CHAZzCiBC9+2DjN7n0iAUOrO5IbJ9KPTyHEFRKPvxQs="}},"URtIajK6IyXc4pwckFDPx8jcAUem2HK7RbYJXBm0d58=":{"valueMac":{"type":"Buffer","data":"irQ52tkOAhlXh05WhheKabl6QbpMiTsrPP1QG1b6K/o="}},"pjIMbGFv609ifmZL4anW1vvZ7026nsXEeqD97q7nIDU=":{"valueMac":{"type":"Buffer","data":"gfYQ6iL1lHE7i1ueriDguvBpjpxkDDnqs3FY9XbP1aI="}},"3RYZF/uCFX5QlgbVxaQIHr0pguSOTv4L8WXiYavcnA0=":{"valueMac":{"type":"Buffer","data":"qEKrQ7Oq5tzM7HlU+ih7zrNbm/RR9ZfQ1aRw9mrgYbo="}},"rvQ73CGmhZXHqS0+xyQjr1zmr3ycTwDE2BGYkzmC0os=":{"valueMac":{"type":"Buffer","data":"G9ImZ6l6mFkoCbNGLxoD50EegH+4d9tQyRs03JSXjxU="}},"mEG+s/KMnbk2RSWJs2PBjV5xzHktwaPTDbwxNbHTIkE=":{"valueMac":{"type":"Buffer","data":"0uwZPFMqIasyft5sgxZ3rGqYdBoYI3jH8d8yi46SvRE="}},"7J/LfSnu67IXzi/dVwBQJN7H+IVmmjN25ZKH1EMLKJE=":{"valueMac":{"type":"Buffer","data":"82FT3i4XWQQeGOVn3xDCZKpMo3+UlNrg2roLOgJ61kE="}},"TPRM/sIxEgavPRb0nRzVFypdKsmbY6cc8J2bA5IUloE=":{"valueMac":{"type":"Buffer","data":"OCOqkNHmCCLIoRwAflKiwjzh4htOrx5PR42vGuKCBFc="}},"jyEyJ56r0CbwApkYtoJ18AD6iUjBV8B7562B+U4TnoA=":{"valueMac":{"type":"Buffer","data":"VUQ0mjsjYoyvnx5ozsdoGNe4klvhPUJvfZ+PYuuGrBQ="}},"yAm5c4TIbB9EXF4+IqKXqjCvF8iJC9rDBpFqjoIdN08=":{"valueMac":{"type":"Buffer","data":"U57pSoVrvx/LwYKbPE53c4dAJhTjvT23nO52uD1WRNc="}},"3N53VyQeE6jvgkddetfhTIHR2ZmsLmo6SQKEm7if1Jk=":{"valueMac":{"type":"Buffer","data":"jzCnj/f/En62GOf3aygW2YOk8b32fEBefmACNIkk+Fc="}},"SwqVEHPz8l+rE5V7QqfjcLnpOYbp1ee0X3hAnAehiWc=":{"valueMac":{"type":"Buffer","data":"zN82B2ukyidjHfkggWP9bHxwczA+w1R2ZLu4aHlc2C0="}},"TdOp3CEV5WuIPAtO+zqRuwrey14F/Wf4Qr91Co4eGpw=":{"valueMac":{"type":"Buffer","data":"Acfnkx0wBMaaeK/DD5HeHTGAp2K0xljGASrcO7iuSN4="}},"Vw7ut2q2MDEc7NhdHtNUwpntw8hP5fXsOKVIPoFgXH4=":{"valueMac":{"type":"Buffer","data":"rbohlprQnycbPV9ssvH24lghCaTNauffWlmx6wTClRo="}},"IUCl/9dED5ZEHpmkueARTaB6haPXQHlbWlBhtoCal7Q=":{"valueMac":{"type":"Buffer","data":"CnHaerca/0/QTdVSA45xg98V6rxQEJ8aMaKxAi4ciHo="}},"7gTVE3pn5oYl2MQo56uhRdyGuntmo+F/JVjctOWslTk=":{"valueMac":{"type":"Buffer","data":"fixqC3tpi9chE+vfmDvdKIBZr4f4lMftjIIHC0RzQsQ="}},"kKGZ+ea37yHlbIWDiWvFPT3C2US7nYa0FokSPFiEfw8=":{"valueMac":{"type":"Buffer","data":"TwEDA6IBEMlNGAB1Ma7DkrWClrGalXcIlUOVeYoM4p8="}},"Uz0Cu+Zu5VFMKtTtUsD1FUVcEf4q+u6V59wC/AvTro0=":{"valueMac":{"type":"Buffer","data":"PxtKq26krKTEPD3WjxAb8XtFQJt1xLq2C4ybk6gjwHk="}},"5ZJXtJGN8mOXwjJdxgsQZunpFVWSERShBpXS+OaoV9w=":{"valueMac":{"type":"Buffer","data":"Fimfswza4zbbmIf4hQByVhTHbToq8vPsp6p8PM7QhLk="}},"rf4w0LPpsw2+IEKXGsVJcgPTV0I4Q3ewvo4IgPy3blg=":{"valueMac":{"type":"Buffer","data":"IhpyMVZHgL1ja/cUCtCVr+eyiSTz1/LMIqvNwFV6lbs="}},"uM2mblMxGk8nuNUOzQHiCJM7t3l5jwQNz70nHmexDPM=":{"valueMac":{"type":"Buffer","data":"HWHASBM/O4TV6atoBHR7xfzQciVJdqdxaIkpQNxDAyc="}},"b0PyimmXuN0fluOJKfhs1536xV0xEqGObOsz1w3uui0=":{"valueMac":{"type":"Buffer","data":"O9QkFDM/FPPzNd88278plizQPwqFD3XImNlVdF9D5Bs="}},"69tTHfRIdUZmP1u2i33/w/dqicgIS9m3MToi76hqp7A=":{"valueMac":{"type":"Buffer","data":"6bymK+rudAZEmC0ELgescaZey0hkXf9cH7BazDf0i+I="}},"7WLPJ0rZFtc4Loe6dsqfz2+Tj0H9JhtsBY9makAC11o=":{"valueMac":{"type":"Buffer","data":"H4oQLEEmjZq/kFAT8WpIJNyF+5TTJ8RuOBGkGbWp6JI="}},"TIJEkWWxYIYBE3pOtfis36kCcvNgFB9xXvtfjbe9uQs=":{"valueMac":{"type":"Buffer","data":"TH9EQuOlkrho4aQ9WryWagRL+6Te0Jp8820UNfo/y+E="}},"Z5XpUlUhV/nIu3Zia4nIvmn6f+70OrvdiSerRxH1CBE=":{"valueMac":{"type":"Buffer","data":"g8otTKtu4sZOPpgBLSRiU267mc1+jb0S7uUm/OzQsxg="}},"waUofLpP4wulDPnrxop4eRAcGaga3xugBvT+cEu0k7I=":{"valueMac":{"type":"Buffer","data":"CtbPcM0M/NmaRWDxYhzCjo4nTPB2F4ovjtnLfxH/yBs="}},"SbumpXQuhQLWPx9aHdDd1z5xm2NtBh6NsuSZyfPqf9I=":{"valueMac":{"type":"Buffer","data":"sTB0JmjdfiQFso7DidnGRTvyQ81SBOTs5e6USfrVW/k="}},"iDXh7Z7W30ety461ohTz7hM5c83SRiEevN+3/CYz0CI=":{"valueMac":{"type":"Buffer","data":"j4jzLYjhHUckCaj6ZX7t+N401aG5cNgFHKUJtuesoFU="}},"19mO97VUMnPtCfaIfmTPEWSsv629SGDDNmWgOdv2CRA=":{"valueMac":{"type":"Buffer","data":"/JqhElgeMFsuKE8myOfXxin8M51Anr/w7SMSegkoBy0="}},"b3TOBredn+x+nPqB9o31wqKf+Ym8AqS8UU9y9NGp6zU=":{"valueMac":{"type":"Buffer","data":"cKvo2LjoVPC7gAFauuMyvWB5TIVa3ravE1Eermc4/dA="}},"RUnXtqpHfHo1VeUr9Plv5g4SKBjYEczpiZDwVoo6Gr4=":{"valueMac":{"type":"Buffer","data":"FwrF1JhW/3P2WDkedDONqcwpTCngLyIsJllFufmjMLw="}},"rIm8vL+5MLTUjp7H5rSbzaQ9pFym1bu2yLkp1Z0H9mU=":{"valueMac":{"type":"Buffer","data":"INQ6VPWCm7OstuMyIJZKu4SQ2nYEEV0+rIuZSoD+Gmc="}},"htRUkSsMPPd+5CC7IUpcAHVyILwljE/LJwSdz2/L7Sg=":{"valueMac":{"type":"Buffer","data":"qST7paCj0yiN+aLi3FUFcrD85QgoHVqO8y/xnYhIMo0="}},"c4Sy0AdCDJkonzbaRLSRXFWCcxQLTgVT1KRsO7IGwCc=":{"valueMac":{"type":"Buffer","data":"FMiVfdwixFD+y2qftcnuLm15HkzX7DNxszDyek7xec4="}},"Utx2iLGieM9sPyqBHEaxldErV7X10uaUmMNSflv0rXc=":{"valueMac":{"type":"Buffer","data":"t0M2MCkYLrXW6wklAmDJz7IZfblCb73xPxOxTPSPLu4="}},"z5SkGNrarpdh0NAVB539f/efKGSkklkmS8g5i6mH2Gs=":{"valueMac":{"type":"Buffer","data":"8pNxj8S5U3MobVPahYZ+bDc5RoaM7ZeBzRuil7+XOJ8="}},"iEDPMTvX81ZN1ooyRC/246y5x/Qm7xjnRF+ZOBLSJUw=":{"valueMac":{"type":"Buffer","data":"3ZACJ2NzkEquz5lni2dbM/KUH9Ixc0ABlWz0bkmWDQ4="}},"0k4rdKsvOijBH1OpgzlmwlF0w9pJXjJCKimp5ekhAbg=":{"valueMac":{"type":"Buffer","data":"jlqb0L2fqUqZ+qNqiIpaduQHAr1LRApe1dGMSWqM0gc="}},"Yxo4QhrXKCVmRdFxb36J/XizY3u/JCL5qk3/jCwSaGw=":{"valueMac":{"type":"Buffer","data":"mJIvajWWAltkxyANwaE/xoj0qTgQHkTv0UxqlRZLK6k="}},"465kVetNwZXTTJBbYsqd8t3phQGM4cWezyJ1p2VFC7I=":{"valueMac":{"type":"Buffer","data":"aDYnEO/gyXEzI0xsf53o0mj0oCI2dUMroP/2Z2MV5DM="}},"wvE385HIFWWBFDyaqNCMNrcRCzWhcZXJMV/plEbryiw=":{"valueMac":{"type":"Buffer","data":"1l7Jf+jlNyrXb2/t42HTHyND0Zj9jFMJfMKtDA5qwKM="}},"/xYfcBC4TvQJCOaRSYSDx7XmSsEX42iVJcspgoF/4Fo=":{"valueMac":{"type":"Buffer","data":"Idt0Luq6McE/u9UfyLFvhqh/DDgBZkLZffV0fGngg6k="}},"9HBrhjUET31otN7VXXL/u+kuoW+XFjzDBu/l31AQsRg=":{"valueMac":{"type":"Buffer","data":"d9hHOuhkqBhl/i2/auf4DyNZewdstJ71C9kE7kowo24="}},"/uQqVj6yGpk57dlFFMxpAhpEh+fEWofqRhWeR1X/egQ=":{"valueMac":{"type":"Buffer","data":"3nMot8gS6GOnNA9SQvJRVHLGs8HYlm8Go5vDYhoaMEM="}},"DFyNrGh3PieAYkg78HW3Boo2GVmI2kPuMPzRVT0VG8k=":{"valueMac":{"type":"Buffer","data":"INg8TN9166IhQJoa3CK+O0PhuAZV2pqFLTtJD0+ipCo="}},"dcxGz4jYgew/SIc6qdk607xWS3Q7cbcR/HZEGcEZfaQ=":{"valueMac":{"type":"Buffer","data":"EVBfpEFZ2WIvGweyU7Y7IbXZCLxIsO324H0Zqo3e5WQ="}},"Vq8bb+UnpF1ZHTn4ZBk5buG6uWz+W4s2rtKexyufkzQ=":{"valueMac":{"type":"Buffer","data":"i4Mu1LkJ/5N/3MlynbZoK9VFvxAmy6U/88xR+o5xqQc="}},"CIQiir9i4wiOS04UmpP/r4/Zdpzn5K3df8i18m/cHLw=":{"valueMac":{"type":"Buffer","data":"239Mdc6+Gmk5miY73XGFdhR0qL3XwS87+Wxg5smgyFU="}},"SqKcPTowPuICaq1MI5Hl3KM0JWUa+j3mc8RVBh5WpDs=":{"valueMac":{"type":"Buffer","data":"qQSSmnBAuj1vIpnbBA06pWGQJV0JYkGgJnWeIaQq2Fo="}},"lPpPew6P9ZwoJ56XEKcPkxeqF1XB7NhYinRq+qTOSxc=":{"valueMac":{"type":"Buffer","data":"IaNGSxb37uXJznPawyxNDShQbhuzJ9sk+N6nsQVezUs="}},"9aFtzwgy16YeClhEt5zIo6vdCd+tvQKRv2UwenQSXE0=":{"valueMac":{"type":"Buffer","data":"z4l+tfH7p5/o5qc40qrfhiLx+IOJt6zxATDmWy3qQBI="}},"oLCx3ABtv2LJgX6XM2wehabQySb9bGrfdQQjK+FQiUw=":{"valueMac":{"type":"Buffer","data":"OH7a2PzLg/W3TR2dNV0yT2YU3PMNPxy4tN6H+Qcj0PI="}},"X//smKQ/2dw83PPvraue0Oddcg7VN538z/qqeeuKYwI=":{"valueMac":{"type":"Buffer","data":"KUUJBmrEWpVE+Njq8tKdtg7RWE1gEGlQXkGuqypab44="}},"UoI6RxWUzK7lbaREM89hIbm+20VUkkQGM/XAC0U3tJk=":{"valueMac":{"type":"Buffer","data":"rxIlx3ivh5Bvgddbioh3LcdgvZuNWYYzfHfOVNgwHrk="}},"kHgOHc51KIsWd/4ZIgX95mEKTXD0S/MJnLC6FjMYE1A=":{"valueMac":{"type":"Buffer","data":"LynFNC76xJwbedtqiuoyYxcKCAJBT2GiIB7Ei/IKe+4="}},"GrT0syAv/V+7fStJ4JpBkd+8rNsP43q9DwjB5J/gHBM=":{"valueMac":{"type":"Buffer","data":"AQYBifgpXlnk6Dj8oFqx8PrdqbhLsJZVpFrYN9MQj90="}},"ZkiCNrMRQn7jXHpPqUq+L/lnE1vs8J137aZzG9Xd0A8=":{"valueMac":{"type":"Buffer","data":"7e2AAvlsi5hCpNyajIOjOaavofsydSbRuVLZpEcx68s="}},"kGe/OgjYKq6Ktcrw09YtliVwvQECRGan8C91g93XKeE=":{"valueMac":{"type":"Buffer","data":"NVBdxM9XDU7tv7SD/D8sOkwfWc0aYVi0ngVtCwiPZWc="}},"ZrxNkk7HVIJEjcPqpB9EvbawjnxJvJfq6tc/VnahLjM=":{"valueMac":{"type":"Buffer","data":"4VfMlLPjDht8uBkdJh2YD/ixBoqKn7sTO0q+XYMTPL4="}},"QA2kYIkq15USiHbGDTmtitjxvDPCLxp4NEMwgA1z+WQ=":{"valueMac":{"type":"Buffer","data":"W1oyDfGacfAfeOnPDLzXQMSIcJv0fFsfr4SATtH6n0Q="}},"UJbzCRXkp+hqD3Hsg3g5lS+TE2nQIdQShtUBGwFVEmk=":{"valueMac":{"type":"Buffer","data":"BgifVJQ2OtReQ6jbX37ZBg0lXl10KWj3WCpT1RspAuM="}},"E6gD6FXwQKakx1kQjGNdvc/uXYmnIrQzPh5G1hEYqog=":{"valueMac":{"type":"Buffer","data":"Hj6p05NnjBZK88PNspI8xHfXbhmDYyoXq3BLUGem46Y="}},"pQRytoyaRdcq5mr55PMxDa7PVEqYsDGMDDWiQRMCpaE=":{"valueMac":{"type":"Buffer","data":"v6fn8CRgEbK6QZ4ltBuy5jff25/hQ5ZJrNzTEoTXsRU="}},"exbmo71oETAenPx9xHetS7FtSPK413F6ecIijsancJg=":{"valueMac":{"type":"Buffer","data":"N1xYbviLgtf27Cg+0FVRkt8uGBDYFXDG0qbsB8KuATg="}},"S7vXwoyCEHadWfv2LAdmxY0qJ6zLsc98CP20VMwbVGk=":{"valueMac":{"type":"Buffer","data":"Eq5GMQll9ytdm5xcb8am6Ejnr/XzUYmWhAt/X/pzjvs="}},"gh9bRkZ681mpYOfl2vBX4Q/fktYLsUSI/29N8fkmhgA=":{"valueMac":{"type":"Buffer","data":"g7PqYDmw6OfQGshJB7qpDPPqEAux9Mxz6um1N4GKG4s="}},"50uee8IJ8qj2f3al/ndPy/VNLbXzvSSD7E7QCNixx6c=":{"valueMac":{"type":"Buffer","data":"EWSpkKeR+36sOgPCoTpQ0APxrq/75tZOPQa1yX0QOcw="}},"n+xFryCahESSEYXXfRyMMxlyC0h8dkA/be4HJpGWl/A=":{"valueMac":{"type":"Buffer","data":"wOeQMKJe3G7/nfObFSO3tgq5rIGwe6FYm6mDAD44lOU="}},"f1NkSjCH4N//TD6zw/QXpj53g3LdwHGIPbZPk6OswEE=":{"valueMac":{"type":"Buffer","data":"BLAhQS0xuILdM28/l90eT7TkFFkK63xz5zpTbfwgiv0="}},"Wo3zpYq/h4psDghbnVlMk/2Yo3virPia1rHE7BR79h8=":{"valueMac":{"type":"Buffer","data":"DQu0suBtx6IMP+5Ff8g97HH+ogyzl8Fj1ZeC7C0K1uI="}},"kjZ7ZcIl8zVh5Xg0bB5MIbyIjPCOVuc0uZ3cnjvR1HE=":{"valueMac":{"type":"Buffer","data":"S09Y7uDBrWnMv18xBnofxVvVly4cb3+55a/X2tT8cHk="}},"0awADavS+/DIK/4kiEnlqgACv+Dx5IFkhKj1EeNbiNs=":{"valueMac":{"type":"Buffer","data":"rZOM6gFH+F5OFoBQ0INWM2ByPxaZh8t22D36xQilkHc="}},"GP705Di9bh8xJGBzrjnG6S20wM2yWaUV+fGqh8YRViQ=":{"valueMac":{"type":"Buffer","data":"1iBwS4CCn7NcjF50YmOv8JTAhwOfgoXHW0i59X3VRuQ="}},"3VM3sfKVfHBipyABuWvTrBX+2Trl19hNrxaMDFwiaUI=":{"valueMac":{"type":"Buffer","data":"v5BOlqijlq8PgwDGxGMeswWD7ocd4o73pbQGkeMXUXY="}},"cUHvIghGbtumUNL0xcH4d/3jnT5Bx5ZxvfqIB6/56Mg=":{"valueMac":{"type":"Buffer","data":"VSU8h6Gbii1OwMAdKdQ0BVRy7N+YceSsqDXcXqEuCyE="}},"QzQx4YyRh9HCuFWRmqINO5t3lJ0bPOTb30g8YYsEGj4=":{"valueMac":{"type":"Buffer","data":"98VnQd2PE0ltopfWhrxLsUQ9n1NOdoSCo+UevNi8JKA="}},"0+uYbzxVXJMD9C6FHLKf4wxMafPceq4LDJmfmiXlNfQ=":{"valueMac":{"type":"Buffer","data":"A2qllHi5BGf99UQEj9likJkrjB39B+rofd+BWSeOrV8="}},"wjDuftUQI1mT7GIghpru/yb0xwXCugHUgyO5m0G1p60=":{"valueMac":{"type":"Buffer","data":"9d/lzSizyA3ueb16c2TDyXMub1rk+x9XHoNy4W6+0Ss="}},"OG/TZuPVqrh7F6d+3OJnJwnjnV+yRK7xxsoEuJA5l7Y=":{"valueMac":{"type":"Buffer","data":"/014HZSDl2gYRD7FMV4XJcoi54Ngtm7MfwBt2fHD6Uk="}},"u6eAFXhgEmmLH5m3iRrBTtm19FGuBA/yMp3dRxuQcLQ=":{"valueMac":{"type":"Buffer","data":"TxNREWUtJwMVh74u27iW++m7qWdJqmxUJ9vDboTIKl0="}},"SegcG7+LKnPeRCOGsR1XRZI9TCbSVxdjTVBIV/YAGMY=":{"valueMac":{"type":"Buffer","data":"kV3BIRCXhEgedkL+OyCtTX7hfbXj/SP99hqir3fYsp0="}},"UPAdUPYOBBKejAuYPk1VcheuTrQdNHSkxFpcrRvyq9I=":{"valueMac":{"type":"Buffer","data":"BttD1+8vUijNlNWzfVRcVK+dQPHR1YcvIOi8Csl6/G8="}},"Xni7xkxcpZ54umpwxS9IMJm2pmn3YMR6kG21kd3QCE8=":{"valueMac":{"type":"Buffer","data":"UuxTXiTfjAIjA4hig/kmTMTgYQ9MiZSlebS7H4n8I0g="}},"Tdk5h/eMcakdx84t4IQDoYoz/kX7RIKvZty0GntdiDU=":{"valueMac":{"type":"Buffer","data":"yr4FKwTmfNOLpfTTJgFZHSJ2GuGC/prBJ2a/hsw4zjQ="}},"hb4YxLGWbvDEIjzC4BMfQayL7NI8GKpck+w0ANGTDbY=":{"valueMac":{"type":"Buffer","data":"afhN3nA6tO7khbZNMtsUWuwmmr4GE76kOOvU0N96iSM="}},"wiL/60darbMrvDBx2Qs5dWQ972GYhClVOPdVZ/7jB5o=":{"valueMac":{"type":"Buffer","data":"l/Wy+Vozqr7YMjZtrOcsm3QfXeYabvbDXhmqjLfO2ko="}},"441tw3drTDNtb1IwpI7yb1K2kxOIDOIa1ABYNLXJonQ=":{"valueMac":{"type":"Buffer","data":"KjEQeFkzoyeRQa5Sq1ap2YzFiyOg4CNiAI7LFFXElJw="}},"QyPnPhrJX9b3CHUJ6wPCYNbR03rj9gPnowDbS858J3E=":{"valueMac":{"type":"Buffer","data":"+JyLvkUmdnoe+PpaVa2WgVkKcUUp0bJHyGmIGWlCJXw="}},"LMBpo6XglpLrMBI7KmTnfI9YT6aBehlG85IcPeeRn7A=":{"valueMac":{"type":"Buffer","data":"DD7OTuDCniOGCvg/ucvgkRI4ULvvCtFL/N4pG9c3ELw="}},"wHD/gHJouiArCC2d+W8n0zp7hJvGaARj41NJhAjH578=":{"valueMac":{"type":"Buffer","data":"HY9TXcS/Oue7BQPI7hN0Z9XQe2dsEWYsjEfaiGUMUbY="}},"cdsnJK+njjvv+LlE+CvIdKrbTHJdNecwxt40Vx7JH44=":{"valueMac":{"type":"Buffer","data":"/rl0yajJgeFbDqWJ4JL0SViJKtl5m1xFIymFzriy4+c="}},"B84Ky64dErCTQfh3WKUux02MSZ0kD7okzOc8grdVRTc=":{"valueMac":{"type":"Buffer","data":"5/GEv8kCr7zK5o5qtz4zDLwEkpMcIJuu6tmLOBHIDHc="}},"ZN91nHyCh2KsqFMZZS47E18Ybvxp/oodoYsuvPLbPN8=":{"valueMac":{"type":"Buffer","data":"K+Cm/fVjtHLIltwG07urgqBnkTlqn9aoSFCu3eUUkP4="}},"94iAvsKxxv/BqpV4+oDJL134gXXzYnhyxKlXgq/C8rw=":{"valueMac":{"type":"Buffer","data":"MK/cYf0q1jK0/WsrupSfe+PAah+x/NizidaCCKOXnCk="}},"XxuwyiBRgFqDY25TrvBN1j01v59IP1dl555FGvzWCbs=":{"valueMac":{"type":"Buffer","data":"6V+d2CSvUbw8Ezk40d/QEaXTzuVHHBdwlyX4Yb3xV5U="}},"bnNWn91RDPk+RQp+Xlz8zCOrUpPNL8mH77YpC1wfCNw=":{"valueMac":{"type":"Buffer","data":"3YAdqhbb+rSsdT77PE204slkyT7GcyG+QsUNHGbN1Sk="}},"fF0AgAdupxaVkFgBwYyM1NA72lZWAXRJytpCJIO4YDM=":{"valueMac":{"type":"Buffer","data":"wCc9Da8i2Y6TwaWVnZy3PAOfji0pKB4b2xokqiIbrig="}},"0ubtVfUKcRKrFNSWgDRN7SEpfwEAx+ei4Q7sK3ev18g=":{"valueMac":{"type":"Buffer","data":"lp8e/Owq7gPbQEJkgmbvpo9Smy+ujP1B3LlWXMAKfSM="}},"dJxhWf0OgmjFo2zwqcSmkl7dqnetmUo6o8nPEDK6U0Q=":{"valueMac":{"type":"Buffer","data":"uaNZGdsXBPQvhlG8Eim0k/h9fWpkZO4/ZFm/2VIwyTo="}},"S57+OItb7IiZgXZrh5forT/ocGOQVtnNhnvxzwMeirE=":{"valueMac":{"type":"Buffer","data":"qzCvWQA2Z8OLwuLbtNSgI4fdCUZO0IRUW1s5X63H87Y="}},"/+bB8OhoFoid4IilQz68WFabxB5z/1ybyK8ufDnUv/s=":{"valueMac":{"type":"Buffer","data":"/jUZg0vxeaRLUKr7hDABoj6JA0fH9ZBqn6xKHzneXEc="}},"PaKhgey/FPDX+vc4h5FRSMMZ/yz3PXk/5E1MdaVN8ng=":{"valueMac":{"type":"Buffer","data":"aJ0jlZiRkyiK0HtKwSyH00Y8OYNSQQ07JsTgAibj2zo="}},"TCt2qcUmocOImDWr8g6w7vAdHyKF89ddgld7v0yn+p4=":{"valueMac":{"type":"Buffer","data":"8jLAMN0ebyVr20HAAnzWXeP5HIZhED79/ds1aTMhJlM="}},"UqBfeteL3vuBjN/Zf/AyMueYcPyjFdbuDC0/HSedX6o=":{"valueMac":{"type":"Buffer","data":"04DKjH3Tpu6K1Ss8GzDtwNOjfi3wXKLaquCNeGEIUDA="}},"mI/gIelChPO2DOzsXwCeYwS1/Up4ZJtXrF3OFg86yvo=":{"valueMac":{"type":"Buffer","data":"a1lk60DrSkA/1bbPcOHrJpz6DFpWqs1T6s0LYCaqCxg="}},"It6kNZbxw53ZZRwhpOSqGAvHcG9ZfJ0D8KYn4YaGfL0=":{"valueMac":{"type":"Buffer","data":"pKWuf6i+9FbOj74I80uiEHP1KzNBWV9ThAuiEVlub+w="}},"fydbNszUIiD0RwLRGV8cNacE4u6g9lHrm+WD9gFgm0Q=":{"valueMac":{"type":"Buffer","data":"/xXzYaOPv1vjcwpmOfgqt8h/ipPUEQiCjJGOeXLIjXI="}},"kT+8Tii8KPU94r8ypAB1O/ZUwGBwzxeIN1yFwveQRjU=":{"valueMac":{"type":"Buffer","data":"0vntJ8MQabq/RaFSb2etq2udFXtMw0jhIeqA1nN8xgk="}},"epYGp3GM/ALmq1sV2ONntaPImMuM5xdO8uQc7ibFKxg=":{"valueMac":{"type":"Buffer","data":"SqKSik9IhDajJf4C6vvrBECz2JIIkPogHOOG+o78CK0="}},"bNvmBX37CYtZWbAsdIpviiMl+5bJ4PUZx3jAY+Mr5Fc=":{"valueMac":{"type":"Buffer","data":"wSp7d55cw8iapDij1EVBFwKpkjcaj4+IYVy9HKDtMOA="}},"AsGokoYSfNL9BH+Lz+kjy1urjhaZpP1VsRUS685fE6A=":{"valueMac":{"type":"Buffer","data":"p7o6756H36JBPvV3MNmsHADuVCv4PXaKO+qdSoxY6AU="}},"gLWYwF0tm9xbWz4bEqo3DM1TuvDdrQLO9IUFqeF56m0=":{"valueMac":{"type":"Buffer","data":"9VK0AJNi4RgBuYbnZlXDNkFfH+LiPgzduxvBWvjDWzI="}},"qSEV5IYs5VkZDxJjQaNd9wVoGhKAfJAFQ4qD5/teahI=":{"valueMac":{"type":"Buffer","data":"mQpHjQkezRsCERpiht802JVuVbjUlwp/mXH6xyL/K8E="}},"GcsZsae/h396y+oq8LiP0GKRSqAkTvd0pCW+KSqEOMI=":{"valueMac":{"type":"Buffer","data":"ggQQyvXs6bIiQsADBpAnvgYnf79vRneb92l8rfLC3rk="}},"s8lWppM3ADDRIiY2Mw3KB3s7Cj1STMHOuJLCEDooW5k=":{"valueMac":{"type":"Buffer","data":"H7t6tCjKNDlzxFnbtRYhUbNm1SV+P1uJJgjXfZZtzLQ="}},"2pJYox9IK4vUJgCrZlDD5eaK0TPg0kvxY5XW39LSMQo=":{"valueMac":{"type":"Buffer","data":"584PeJYUbBsdXHGdXGX18CxI/1wQqrJLcZgVoHulwFA="}},"OjdxD0CvGknGqe91/v03B4h4KzoKo2eUufZCF5rKyT0=":{"valueMac":{"type":"Buffer","data":"tEuqkDtyBmlYEIkc4Z2lrltipD0cY8VHDpAK8cZMf1Y="}},"W9/X6v2mXGhO5YRmC7CpPZMqf5TllbFaKLozH4ZirPc=":{"valueMac":{"type":"Buffer","data":"90ksTlcOYpBfom++UroGjcalvlxbJmqFQ3gXqlqZ6VA="}},"S4CzFNy9pTaYIRb/0xwCbXs936Uf0XfCO2Z1Puwp8TA=":{"valueMac":{"type":"Buffer","data":"RGPm+iMjgxOTzgKO6kEQCV041UDLuwhrsl0gMjz0luI="}},"YYS7cicNfxPsmh9RrhD+QcdwNXWQ9mCWJ2hhu9waRfg=":{"valueMac":{"type":"Buffer","data":"1GWcAq4i8lssm3yiJf1txQkcIjPSPgdX28BclLKcRRo="}},"FKT1rN9aR8S75c4W9cqB8hi+1qTINGalkJb6bwCaFtg=":{"valueMac":{"type":"Buffer","data":"J84lQUqEIl+CvR9hEFlo7dVx0hdCsbZE8VdXJgAgkh0="}},"l9zMuGf8KOGQ7//DHpLP2UojmKbMpTyyx6sU7L73OKg=":{"valueMac":{"type":"Buffer","data":"WtVKEXir8OWRSlVZdq7vqslAngaZEnO5g2vLmn3obbg="}},"uIjTwz5ge2SmLjdumIZXt1+yPrmX/MuBSMkoPKlbDos=":{"valueMac":{"type":"Buffer","data":"tFb+v7TkejFy/su24FXEcc7wy9vr+SfhWNlnh/K61lU="}},"eYLaxQy1j2gkpHp2jniLBeZLCQPOOfMTN5JYBj8kQto=":{"valueMac":{"type":"Buffer","data":"YYxQ0oux9euMHYC35FMt9JvQm4Q63/ohX6ep8RbgkZs="}},"ZmqvDXEJFvldgWCDuoTesVu7YXC3MYz3pleD4LYoOVE=":{"valueMac":{"type":"Buffer","data":"LiuR3o9PCuBZyekmu/PegmNiQSFHptfD9Xr3lVxFgOA="}},"QsfSt7Y7Mzr3BXeHIjNP/c5vtCyZi3K4xQrkt646hoE=":{"valueMac":{"type":"Buffer","data":"CGwc7cao7vP8BsCPd3PYzaqKAEKMiCTVdnvezabPbgQ="}},"d5xjPfcwyXmlBZ1zSfSQa3ke8Bpn+gswwbHTDTdtglE=":{"valueMac":{"type":"Buffer","data":"EEsrzHC8qGdSI/mF7CQUbVB0PJ6g9LkRer65u0KDUO4="}},"qgBT+ivoOozy++cWQjCHdIFCkvwSwTZvH2Stp46vK1k=":{"valueMac":{"type":"Buffer","data":"1d7pLJWY/4sGrWRFr6h0ixKgReQEk3xgQkjec3djipw="}},"YNF7PZNOTkgB6Lj+dTfZ0FC9kiDRhzZV/Jz9KZl50fA=":{"valueMac":{"type":"Buffer","data":"uAmbS5vVali+g/I6+PXergcJ1p1/JOCrWHmp96dQ5Ns="}},"BIcFMAURtYSMIpRlHnD4CatRkCWlIW/MKjCFbogb7r4=":{"valueMac":{"type":"Buffer","data":"YsbiYAOonlKAaePx4cfbIR919akNvfLPR9Ubbop8Flo="}},"zRlqDPWK9CUfqLpyUVIzE4HZxlQeiB+jSn0ne05RUjY=":{"valueMac":{"type":"Buffer","data":"YlS/e5nekJ5qvf7xmOxSYWTTn4mXuMKVtp/xZssCL7s="}},"o3QrzUVMHWNx4xf+BbyuZsHFxhlf9WzUL2F67cMKsVo=":{"valueMac":{"type":"Buffer","data":"6KNN7axAnytgcQRwdlOZObchA7x2TBykbISCWThE34U="}},"fwLnTG/RRHvnoPLcoPkgIfbr1I8+ov5Ks+DVLyvFtrI=":{"valueMac":{"type":"Buffer","data":"206Ky7WPJ4iPguZOfy9Nyk28SpqvFyZiQVnKCwpK3gI="}},"gQScBW5NhmQc7Rwg7zYK5thqvT8qfPsez1nOxT3nJdc=":{"valueMac":{"type":"Buffer","data":"ZUU52HfN/iNEKRZuZd+a19Zgmuuoya1rI2o81w+bH0k="}},"nyPU2wvrPFxgXjJ6vAV4AVfwI9SMZvC7VF0cksUMJ7c=":{"valueMac":{"type":"Buffer","data":"AkFLsCie/5x0JEsme+xvsnPPJYX6965jI8CGWHyOihs="}},"tg5E2q/chwM/ggo2R8LcfAWOaav1p4KS6yf+eubJ4B0=":{"valueMac":{"type":"Buffer","data":"i+SvKw6YYgs4hv2CS7CZXKCHIzFtBb/N4f9vU3y2F2g="}},"kTly7ka6fVPABcaqChcQJD3v4fI+ObJ5jpbwX1BS96U=":{"valueMac":{"type":"Buffer","data":"s6xfWYtIKnD9SYKblSk6XZphTcnARdDHODrVw4QOm1E="}},"RkTQAnT0ADsh7VIgsPxqDXitv10l+djm0wQuBpf6xwk=":{"valueMac":{"type":"Buffer","data":"a5oLGE9yQTkNswSiRwUIZHFuzX5gu+L/bXd7w2nkgSk="}},"cAW8WWx1SnG4zytJ4a2nCvNnGiffLh7nqR2U5WBCLsE=":{"valueMac":{"type":"Buffer","data":"VPt+hJHY70sSx/Y9yVwQ3mdyEPREw606mdKfVwBsHxQ="}},"6pgngqXioe1/isqefoQZO2R542No14FqqK9l3KQBeY8=":{"valueMac":{"type":"Buffer","data":"8wyMBV923KTiTNJ6BtYx8B/nieHrmeqgJmFLwUo95qk="}},"N/m9qK7X+7qvLQuBwYDgK+zyyXtosNMenGGEzrJnqck=":{"valueMac":{"type":"Buffer","data":"Cx8fIHYT3OmuCvnYZgHKEbztn2cpLb7aRHXrvFNY78I="}},"JjrfZgTjUqjVNhWr5FWTjI6jUqqm/FaO2GvwiuyzzRc=":{"valueMac":{"type":"Buffer","data":"jtIyM0VJv/Dtay6zhhUkW4KGn8wz8ZwZepynz/MBNKA="}},"be4abzdh+nZ5r1LMYr+QGBLh2KJQ56obx67wdLqzqKs=":{"valueMac":{"type":"Buffer","data":"oecW3BiNyAWOq7duCYr15c12stR06ClCy6iPRwLCsXw="}},"6SzHezGAupUgKlsoqls6dK08LMKwIgrHJVSPgKOf6nU=":{"valueMac":{"type":"Buffer","data":"pXmQUIBUfhWwvcApusmKd6bTQCYqfZrNJiKV4C4NAyQ="}},"9Vjh2BZRrq9zhyekajkg8lSZqLcLox8r8pOfZUaEKFg=":{"valueMac":{"type":"Buffer","data":"co5O/0flKGUsp71c883RW0M95d/nsUM+XVor9BCb+3w="}},"xFWC5noZgBGU/EoAg2yASknvS3zIaSWmcVNE+Fgn+Tg=":{"valueMac":{"type":"Buffer","data":"q7T7iVAN6rP2CYri6qqUI2V4H54lWS0Chr01Aj3rqEs="}},"T6VR/R567QQ9tueE0qeml9Bj43tT0QQSiW9gKKWt+Ws=":{"valueMac":{"type":"Buffer","data":"XfT2GziSZBJKh4vsBZkrBvT2g8jIII5PjE9vkE6DN5s="}},"kLs0jFukbrGaYuatvVLhhsJPuWSlDdYKJ1YuSuNa5sg=":{"valueMac":{"type":"Buffer","data":"wHTZq0ZmG70S0YVcp0TaO/6BQlSifl12rhVUDxVq3DY="}},"QvyR6oW4KE+J73TxUbf0FdBOlyVdglmSIqw4rtKxRiQ=":{"valueMac":{"type":"Buffer","data":"CGQ34rNob1OdiUvQ6qQHzor+L2naIvn3q6H7NRznjq8="}},"4DKNOII3crGHj3a4RcadwhbvL64U3EJ38+G9q5Yd+/Y=":{"valueMac":{"type":"Buffer","data":"4YEMnYciCArukTuZuFCf9tGATkuDVyz7fVR2ch7BMwQ="}},"//jXBPNtQk+NloHcwL5752s1BOcVwDDzuJHkfIhIkK4=":{"valueMac":{"type":"Buffer","data":"Wi9dnME4Oi6rnwmi7/NY8SzRQy9YfzAy5dhm+taxbPw="}},"8y0kya9r4Bb/5jtmmxxK3lcVxf8oYxhCZ6PwKnBhdtQ=":{"valueMac":{"type":"Buffer","data":"lzemvWFv1KEJuLxgIeJvlEpZfeavDorYxBnSyGS+4x4="}},"UjNlBTbGygZ80Ooo8BB70oZcv5Q8pPuV4INdx9lotLY=":{"valueMac":{"type":"Buffer","data":"Aau9HqiQ7YN50jdxrgTL+Dr0vn4FYk3FnReKXm5ABFo="}},"0+OtzPhwYlR9l+EQ0V4mLZUeAPbdqh/oFVr+7ghcuDQ=":{"valueMac":{"type":"Buffer","data":"QgQnI8GQJdmQqcdL4/G1lqFV86/p90P2OQ5Iif8hBN4="}},"Bs6JaYsPgJ0I9rPeILPtYNQUcLS0QeiEOPcUBlXleyk=":{"valueMac":{"type":"Buffer","data":"lN4ORAlI4dkoFV7l449rWMDgmFtiaS2upliavl6tjf0="}},"ecCQ1h7XCYh9TBHvjRhB1IH0rRp37tTRTJcxE3V0ZBs=":{"valueMac":{"type":"Buffer","data":"DxsgJORck+7+uQrNrwG2k4WJDOG6kMb+5mhsN+n5Iig="}},"VlCjL0RY1USoaIguPF1T8llRT+JiYPQeaXA9YIDT1e4=":{"valueMac":{"type":"Buffer","data":"ryyjsokTL6Ln6gxCPOuDa9X8Cm0jk1W6tGn9TKey+rU="}},"fui6q/4cD3gUr7MObKf58VUNa/XN0b2Buj1JvLsQWzw=":{"valueMac":{"type":"Buffer","data":"ypXgeszYa/PdZEBdnLhBE4nCWqnVisY3I+wI1K8YmOs="}},"NygpLjwFoJeOj92gptxW7ebySKH1+/1urwmq1nrzzs4=":{"valueMac":{"type":"Buffer","data":"GeCmFskLEUV2z/6fQOgF4cW3Gfg9CWSPOB7wnV7va4g="}},"3KFrjrU6Uop6yi94YnOisQ3jdSaHBrt7/0vBqfZ1zmE=":{"valueMac":{"type":"Buffer","data":"flbQHxkKtlY/u+TMO0WlmPNSmcgs/vRMEJtNkAoDfqk="}},"9SAV61nsd1XeHbPc45aHLwrrWAnLivYSNfHRGHnosAs=":{"valueMac":{"type":"Buffer","data":"yiC4JH/kGuE4uUYIJSTHWylGhaMY9rxpHkMyIi0kAX0="}},"sQn90Ost56KELvvzBXRZcwyxl5JRjD9rlsIKPraHtW8=":{"valueMac":{"type":"Buffer","data":"peSljpNfud94rcM4JsbZnEJQmzeVaLoXezNl3IhCy+c="}},"np/jSR249w7i72bKHXrpP4KnjklDPhWS91Ex4gZp62w=":{"valueMac":{"type":"Buffer","data":"Ps10CeLKtWFTAxeMH51P0P4ODUKS4Lu41r7yfo9tGSA="}},"WAfrJr31DxN3t6IFq/agzqmUttlFxEe2WsKGWODJtNM=":{"valueMac":{"type":"Buffer","data":"7Nqu1zuedOvpVUxGhPhXspDiG5iu/L/vyq/qB0AzmVo="}},"qcxJMO+FGv2BXI7JYVFcOGHG5w70zJz5Nm5kE9lZaZk=":{"valueMac":{"type":"Buffer","data":"P0W5rFqOKmCxpMxDigBAiGNNejd5cdYNOonAOoKWL/g="}},"QkwTI1lrwSTyEznmGaRrW7cU8ErIM0BaHDQZvNNRCK4=":{"valueMac":{"type":"Buffer","data":"s/4F/JFW/o3wk5/2Ce00NQXtOq3zcTZ7s+q6o2VW7uA="}},"RBa+12bO9LUQyNPqDXJ28+AvZtQO6zviPTGyrxA7hYw=":{"valueMac":{"type":"Buffer","data":"I5D4U9EG9+W79+Zo+Mc3+PZARH79BKtdKQxioLWGiHQ="}},"lcxaqOgp7d9osCAKUvmzOvcMzIshEPtuU/BxVj1nCNI=":{"valueMac":{"type":"Buffer","data":"QBmB+yDDg0TlZRM+1qP/0QQ4C0SQC4VpbIKA5AvoxAk="}},"On4W4nHn6NKCOjnSbzSP6ot6ll9CxMFu9jZoBj1RsC8=":{"valueMac":{"type":"Buffer","data":"DgiKnMLP2zwBv1dZDf5iLxasEM5EAqNFO8mlyvAg08c="}},"lfQAmuUTM/5NjJV0QGh4U6JeukxpqkDt/hFehmTaoPY=":{"valueMac":{"type":"Buffer","data":"U7/jaLZrfJCYsTqM+Om1Eto3fPkx9hqZrQYTdlKodi4="}},"/gBRpHezPw9O7hi8Y8ggToe9z7EJCoye6hG/cZ66C1U=":{"valueMac":{"type":"Buffer","data":"0jeGNI88Emss+jE2jDzXsc3zT0bi0N/UxSAoyvz/sJ4="}},"4u308MqlgU2kVSoo5U4mzAHVghMmREWk4ZZQKGjku48=":{"valueMac":{"type":"Buffer","data":"IkJUi+9isSbUn66ozdz3qNHoDPcAXToys0jAift3tsU="}},"OV9eT+9SSZEcRdkbXorkjTY4jYiqDnBm/DWayf6zedE=":{"valueMac":{"type":"Buffer","data":"GmAU6dcdoDB/FAfQeP8Br/YdKWZkarZPLeeCwwLkehg="}},"KxhrWhMj6dF2Cv9OVKIX+8zglKyQbf1UZ+m0Q6d7UrM=":{"valueMac":{"type":"Buffer","data":"lqeVsdJspft2Ve2Y0u0yZy3a//iGXZqNrDMB1iAmMJw="}},"HWVS/vWLWaWGH95b5aKpUF+bhepxFYUWbOpAHk31qD0=":{"valueMac":{"type":"Buffer","data":"Z7OcWB9rFUTIOyz7OhYjoJa9oPS4INT8vzDd4TUDFdc="}},"L8qwDFY79oPpzP8yegS5qTrMJhEN4Enk8EEjtmXC3mI=":{"valueMac":{"type":"Buffer","data":"Ouksn7bzRu94dm64P/cVjWprNAStKLv5kUbnZJSXfmA="}},"02MDR1drJPNurOezr1cuu7trAZ5VJt4AKnwlxdwCtu0=":{"valueMac":{"type":"Buffer","data":"t0qYJLEnU6/gXbX5ALHnHBXTQwlIw0xhRdZrqhed+d4="}},"SSWOkcvkAEtXdhqFCWUCjmAoNmtT8DK8d7pxf/Olnk4=":{"valueMac":{"type":"Buffer","data":"w2wboQ/vh8BNavISN29MQPP/4WjihbIK2mEgNqTGg50="}},"nVPpwyXOlAcXMYxxuPw0VJy+Q0xnImgLYJRpNVbMTkQ=":{"valueMac":{"type":"Buffer","data":"n+Bi6UCTpv8X6uEAE+el7eO+ArynBtAKdCsDCjwXC9k="}},"emOCZKEgmdWbPJtqApM1DsbpR08g4OHukg7x4mkXIAA=":{"valueMac":{"type":"Buffer","data":"fkRbs9cywQZ/MY3khV8Vr9tYrcgAw9T34+Odsh+yDWc="}},"EWr7pi9WEuNNd7ipw8o3hIRFvFQgBSc9nqonMNuqfNE=":{"valueMac":{"type":"Buffer","data":"guGAFYNPnQJR9RVtToqyU60rThWGc+ud7zLyCNGkJIg="}},"+qgccT1nY2i3qJgrW+cL/Gzcms65aHUxdsqb25y5w/Y=":{"valueMac":{"type":"Buffer","data":"Ma9TtrRRlqSV2AVVg6rpuXxAgqwp26qWzLCRfEut9do="}},"2G0s8rO1ZADNJMcMO/6SFgqciCTDgsp9BKOR4Zi5miM=":{"valueMac":{"type":"Buffer","data":"i1kZ4TCJxaXJgkDCFe4AomXjUXCqB4BfTa196huWAqE="}},"Pwn950tpZdbBorvILhtYMbeNFlGXbrit5HzNlCc9kJA=":{"valueMac":{"type":"Buffer","data":"GUapBl3vg+psmhMA1WVGMnX0ttKdGB3SX2sbtG7h+G0="}},"L5UV2LlsoQkh0kydIq+xMhSl1dmFPe2EFBcASnucv4E=":{"valueMac":{"type":"Buffer","data":"YvwGeXOJABucJhCmnkfufVYAvV2n6QICkb6416NmBNo="}},"1asIMdt6jpXFisr1cDVEfGHP82tO/3BBeQ0Pe6b8cT8=":{"valueMac":{"type":"Buffer","data":"/mXK6gLcXKQQVX4Oc3BYQfmY0ImZOp++93D/8Fgkc7A="}},"Ef6+TSroTAiaZ7fnue+L9F5mAkKekJ/v8pRsVE6l2BE=":{"valueMac":{"type":"Buffer","data":"inO6Y6ZdoZ1xKMLdVoYlZfxGYGzrkW4rkd32dj/N3nM="}},"sxeEshbGv+sKncbXNBgXw+r9eqtsdYmR7+185la6I3w=":{"valueMac":{"type":"Buffer","data":"nf9PJ41wcVkyNSa4xdedz4yJTmcGJYbBIcMLUJP4YC4="}},"g8agz+RXNdtiqqOGsfBb4iW26coW+fuF5OBS9a3prAs=":{"valueMac":{"type":"Buffer","data":"1UIaf8gnlwd6sa8ZFbuAJfq+B7ASvK2cU3pevol9Mak="}},"W93a1vTQbqZvODRSFEfK0wVcInUBW8Q17Q5zaOXEkCg=":{"valueMac":{"type":"Buffer","data":"Ubm0zcACnmToTeNnCHNNX/dnhThU3Zm2WHBt2gz7L7Q="}},"AQPQWRApGLUiDwUrla06R8TApPnU+pQ67XF1qvvPIO8=":{"valueMac":{"type":"Buffer","data":"dhNtl/x/2gTvxMJeAV3eWvhqGumpaorMlHBtrFDFkpg="}},"k3y7iG/pD+0JRWUFYRNirkgJGfgzKKkmp67RGfyh9No=":{"valueMac":{"type":"Buffer","data":"U5Wv6PIYsGjthRlqxHmdMQK7ITuUJ/9aFkdf3ZDw/c4="}},"QspLDMCncBFLKh6vVV3EtK5+qVv8P8y50P6hvG66JvY=":{"valueMac":{"type":"Buffer","data":"tNDj26eY/+gEQ7MafDLF7qUFUOpQGlIAd9KFnEJ+E6I="}},"0FcTu3LwsoQASEs71kfGCQTclYv6XDFV3wPLNJ21XFA=":{"valueMac":{"type":"Buffer","data":"ARQmzu1HzWqbqYP2PHk+NoIXhJTBSrfbVS7kkMJxC8g="}},"dKhl5WDCyOmlK0AFPAqXS+PvM0o7cYeHIEMjIVn/2jc=":{"valueMac":{"type":"Buffer","data":"LIh2m5d2ismE6L401ehZwY/RLVl6UA+CtmF2T5t/5q0="}},"XwsqC9JF6NF0m9NjqvcLx3IqU/G+cyYw5BVja2wdND0=":{"valueMac":{"type":"Buffer","data":"88vILy7XQ/WrPWeS3MBcgbiko6vpOXAlA+6+E6swN9A="}},"x/FYeO5o+pHZux0o6j0GrDSg4Umj4mimjKdoE9oNcxw=":{"valueMac":{"type":"Buffer","data":"XYtvqaHEmRFhYy2kKH/8udVEw6KsKRKy5GKcQ1i2RlU="}},"38LA40W3p62C3vPItdHD2oVHnnlqUytYvvbXkXkeY8g=":{"valueMac":{"type":"Buffer","data":"f4bvEvGYTDAUbKPV5LPwo4qWVKwyR8DclK+hUaCgMMU="}},"pTLT2xde5zPlGo3M2b3JkzLzPJf49ht21il92/qX9yQ=":{"valueMac":{"type":"Buffer","data":"nYz8+zZ77obEhorv6jnYKPu0pnJHJBfFpHJTPK0wZ70="}},"pW6Q4fYiq9LLxWH3TTifFZ7W2lVJwhEW/Ky+j6os1fM=":{"valueMac":{"type":"Buffer","data":"7kC0tLDeLicg0K1R7JadJXX2lpozEYe/jqub95gf/4U="}},"L2lSFlRnGyocncbCBGM3uelMPtfO/VdEdoNWkMXk2N0=":{"valueMac":{"type":"Buffer","data":"MzhRBxVJd9qU02OThZIb8/ztrRyLonxxN6q5NA55t0k="}},"VOfPhKQahnaTSmQBLpPPKn1AswmxVp9ZpWSy2dO5cD4=":{"valueMac":{"type":"Buffer","data":"rOkBn6vWOHShbL4aYApgs23aEFTmf26Wjgxj3GJw3HI="}},"2r72E+NJbK9i5iLPc3l1ZgySxT/3OR1cnzM7vlVNrlA=":{"valueMac":{"type":"Buffer","data":"KcccipubRvyvBMM+/JzvYlMMhpGun8zuIeGrGaXUaW4="}},"WgpcsQF/zdKjnMwE93hSv2eHEwp4JgV8zGCwZJqjBYg=":{"valueMac":{"type":"Buffer","data":"l6aBXcEMgnCgRqkmpyXMVpgX7nHs4odlu0L5EyZIF9U="}},"QYkCPPQF7mljEcla+g0MfRukElGRxOZzD96E5aT2o/Q=":{"valueMac":{"type":"Buffer","data":"eEFKxiEw8zjVdlNTtUZ77tOfI41/XtKyKu4XNlXMu0U="}},"e346JIn+E7mqtddavj0S5m2+FiIqLwB8Xl/CKNECjN0=":{"valueMac":{"type":"Buffer","data":"ssdeOqa1/qmcD2Nz9CyUnAZCJCSqXKsLN8YW7MlXK7I="}},"GLn9cZm4ZHGRxzvxDAMmfCjJS8bzS+PvzC7c/JG1Dxs=":{"valueMac":{"type":"Buffer","data":"a8H72bIdIrZdhkl9V1A8YqdEjxRRjy2NO0gXdMFDmMI="}},"g6XROiE9GJp/XkgDJvL1cnY+ccqxK5gC1cA3TMuii5g=":{"valueMac":{"type":"Buffer","data":"vDlP8PYhsF4GYu3Xs01Y/8mWkurp7Osm0WZYaZxNTVE="}},"vNZrH46D/z9j6nm+0T2hO3BWD7WZREiXHtoXR/cntjA=":{"valueMac":{"type":"Buffer","data":"ENSwURv9BqWvR2Pe7uuhRIzk5WhRQW1bvwQov9yAkXk="}},"5/43la6y1Xay59C/X/3b69u60bowbz5ucFzlHcPhy5o=":{"valueMac":{"type":"Buffer","data":"yeVNmlBGDOcQ29+a4qE37moz+YO6qTjOOFliioHeJrI="}},"UySn73jKxyCHG3etDEqd0S4LFK38LLhl/udeh/cbb1M=":{"valueMac":{"type":"Buffer","data":"UdM2wozg2kBgE54POZPMvIutREz4DzbZuMfEX6xq4WY="}},"DctxcdL4jYfBDxVwNITpy8IRWVjQnD2YOdf7fTTn1j0=":{"valueMac":{"type":"Buffer","data":"aZfTS7GNLjkgrh91CsAd7rv0F5Vqf+CnNVk2mhoZjBE="}},"Sn5hwPTtULO6FbbWbnGiQQIpTmyAfxuCHVJiasYfxoY=":{"valueMac":{"type":"Buffer","data":"R27m98L5bNye6fPoBAlHschBdtyPes3N4z/sSHdlxLk="}},"3554ozX1p78eH0u7LyMwDcZPpttLOAVbKwSq80K8W0o=":{"valueMac":{"type":"Buffer","data":"HvLfEUuiUV7ToZP8dsDJCkFHe8SF1z76PoyxrJCWDfs="}},"ZoSsbgx0p5/wKV6KlVU/EILw3qKH74c7Oxcf6wt8f8o=":{"valueMac":{"type":"Buffer","data":"zEg3thKsimJgraoEMdvHFBEpbrAPbaba/eBBEj+Cftg="}},"ge2WSTXEjJ78WQTX2NPm95nm39hKQwxSg28bvWaCAeE=":{"valueMac":{"type":"Buffer","data":"d3cNElA6IDMKt5OsGQf7S+E3PWJJ6i4So1jXpX5MWU8="}},"lT9W+DV+4E+r7HnAYtKcZTVWVy11gVcRpNugv9NPyeU=":{"valueMac":{"type":"Buffer","data":"1uW5Xgq8Ierxt35zGWZfYILzf2lM0MVSW9xPSHmYA3E="}},"apI/7rqhsO8V2yOoBgGRuXISrho249ebrJIEqxSW5MU=":{"valueMac":{"type":"Buffer","data":"6Zj/M/aqM4b5EYEOV50Mo5Cqf0bsq/KoK0gUyLGKlbc="}},"MtdfKvaOFfp9Px/NzdomxELCntWFDr3lcJ6q9eJACVg=":{"valueMac":{"type":"Buffer","data":"3ws3FvlMu3YRvVl3zNioqNPaiL3uO/IIE+EuTGdfqzA="}},"ckH0JnhuYwLrBUaEgdfGi0O6cfQvQg96Y5rnQ1LsQBE=":{"valueMac":{"type":"Buffer","data":"498Dx8xn0qPfYnsCxp0QS5ZhdSWvEfn/juFlLuyU5DU="}},"sA38CEgM7E5hzVKJPalhP476h0XEoQ+em9BZNmqZJtI=":{"valueMac":{"type":"Buffer","data":"AZ3Lb9kYgl55p1PxERPS3xuSmarGtXM1Lg4qbWHZrJM="}},"9mxlkjO0Lx65QgoUAktot/mr4dQH2gZTufmdIxgG9Cc=":{"valueMac":{"type":"Buffer","data":"Muk7c7zjYOmuV16zgpmRpeaLPd+U4u9/EMVyqdCNZBk="}},"fVNMMRGpPmfVqSn8B2l1QBhqTptK4Of3F0g8BBQSGpQ=":{"valueMac":{"type":"Buffer","data":"ByqOZep/MTwOpz0GVay/A/1q/cNBAOAKD0szpsTok00="}},"dhBkkZgCKWKDuDzmTZAIReHpBEbWUB5LzmOe13RRMVk=":{"valueMac":{"type":"Buffer","data":"0r8hK+61jqwrqF//lhwyGu/R0HzR0GP905CvPmw5O0w="}},"rw3SEZdsoSupiiAuJSY2qryhcV24ZjdbF/oViGOY7Y0=":{"valueMac":{"type":"Buffer","data":"Yj1D87B4ChSVNvFrf2SBO9KiV1tB8t9KFguc0mHwE10="}},"usOYRnbDL0/AZBhJGRiOZGNWoN+jC7jc1rnQQZNV/N8=":{"valueMac":{"type":"Buffer","data":"AOf4wSQp0OGrhDC3skHs0/UgJ6GGlezK61IEiVXSrPY="}},"ufOb4LDDlHNnD/2MjDUZLNBAQb4mU07iS53h3vNxzv4=":{"valueMac":{"type":"Buffer","data":"sOLQJ4ngAEKVazv2tx2N2ilI2KMs01MhUpo8U1UsvEo="}},"O0OLYu0jvT/CDx3qtB6107mqcCKSCQgX4XrvnNe562c=":{"valueMac":{"type":"Buffer","data":"6eTbym3I8mCGwEuUFGkhsjOGaXOO1bNd8yx2Fs4/aCM="}},"OR6b+aw4SOusjtIzhOPldcqOQze0QxZcWRODgForUSo=":{"valueMac":{"type":"Buffer","data":"LGZ/cPnJ+axL7WRbSYq9l2sVC2Vk/fyv0e33hBiUQ58="}},"83IDlUbtiuvACMKJShHA36PKe5pA2MEG2gMo4eUfrzg=":{"valueMac":{"type":"Buffer","data":"jUSqfRdfTmAFmN8Hs+tfj+lZIXpFhGnTQK6YMEtuRos="}},"Pq4+nCx9S/HcN243ozw09mCM+p6aQyM/U0kklbZ2Uq8=":{"valueMac":{"type":"Buffer","data":"LxZ77PHEfJ/rkMcPRfXWjd8ozzseJeI2C1sfvWtX5Gg="}},"JRiwbTcxBti6ieyyMf1dVjTVDpdqq7MPXxwxNhGGcgM=":{"valueMac":{"type":"Buffer","data":"fdmbAv55fSpZfcXUThwvc+DxrnIXJ0gQS18PRq5NtF0="}},"9flHg7DvMcQHZ+uykHkp3x5OiYSTrbTOVwU70odZ/F4=":{"valueMac":{"type":"Buffer","data":"hy6SbXGyO5MmgLEH7z+KE99Yb6pqVvRTq5N5udxBz7g="}},"m8ehwzoH+tPWLKmvqnqb2vhgsSrb1nfdtQ4dtbkurfc=":{"valueMac":{"type":"Buffer","data":"yY9nvVDn+oqgF1EFl0QoueTVp/fOVvG7zDrn/nijMm0="}},"3Hg5neHe3IS6ExSewTdGNN5AXFL3Zi9mVQfZbu1Rr0Y=":{"valueMac":{"type":"Buffer","data":"vBgnm2fsis0N7lnLMvrLIojoLTdxYsvan/1wD+1maPE="}},"N61TFSqxDFn72Bm1wg+ryFCF0Qbf/RqEz0gNvXWnSHA=":{"valueMac":{"type":"Buffer","data":"/kGSwyMG3cWBHlW1cVFsM9Is061FFQ72iI3OIMDgPE4="}},"kcmib9qhYNg3pFpaZCrGICfB7f5Vr1lfGeEZHMTzJcA=":{"valueMac":{"type":"Buffer","data":"C/PCUbnll5w7/u1b3iyxMjMGckRmxteSsxH8EjyddlM="}},"0bUKlJhvGQi5fBFxZeswlSBEFwZiSFKgmYHJWXH+l60=":{"valueMac":{"type":"Buffer","data":"yROySmCLlpnJN75jitEhnQLKwfrcjN0qsthKh0q5r2Q="}},"8G7IeGQd4yC8f1elbx/Sr7MeVXiUPS9q37jFNYPeclY=":{"valueMac":{"type":"Buffer","data":"5h+HaLBRZiAY38EP4e/YX5woNFiRsKUfWCEwZYkDllA="}},"JBsieYwhaz5dOsjUhQinzvTqpWkWOwSIIHT1Ihy+fpw=":{"valueMac":{"type":"Buffer","data":"9SsP77h0zzFuH8AFLqdGtsW7Q1GUeFdXfiwpeLJ5iPA="}},"25jU1jMwJv0TjLcbEAPohvuJ4NRcprtlMaifSDNkMHg=":{"valueMac":{"type":"Buffer","data":"JOfywTn0nEVvuUPtDBIPTZqz0TnrDO5JrrXY82LtCFo="}},"A6HmCGSMXXDIBRH6YwgFb4W5z9kvAmghUwH97pbqIKM=":{"valueMac":{"type":"Buffer","data":"UTAUA0CbOydQ9TUvTB7tf8sdLE7Qag6D3PjpZ9TB/lE="}},"TrYtWZMabPUd9vTZSdZw4tCkq5Ukrr+rBvUHcaarVMQ=":{"valueMac":{"type":"Buffer","data":"as0k1Q/hLRLNB8kQYgT+fssqCH+g3SkSZKryvK7l3Qs="}},"MJSXIpcSx3W6upRv23+YhJOnwEw0yk4BSCetgtnitHE=":{"valueMac":{"type":"Buffer","data":"yupzuFFuS1++NgFytq8e+Nrm5ZpX3acR/Ruc/AFeCDY="}},"7K3xLzTVVJuXjZJJL+OdnixQQ10fdS1EngIcUnn1BPE=":{"valueMac":{"type":"Buffer","data":"7v5e0X8D/M/mWxOpmb1wtEqYFarqWFUGot4p5qr/R9Y="}},"p5rhiSC5Cu3eT0iyRoLEISrhaJmWkWQpx0oVqq3u2zk=":{"valueMac":{"type":"Buffer","data":"NuQvBswoW6gHsPRB16QrpixiTw8obsWBrH8IjiLq7uQ="}},"rvmGKWuUrblciZCavw7WZuCEIHJZLKN3LXVJPPV2WB4=":{"valueMac":{"type":"Buffer","data":"CEdGwlvwBNE7THeQvv35PtGiMMopyFcGRsNnT+T1Gso="}},"Dqjqm2lV/BNJiooZ8Bd4S7PFBx8kmHLWNm6+Dtt9VPE=":{"valueMac":{"type":"Buffer","data":"qO3OFu/9K9uMmUpd+RiDCYhR/TIUbBQKwi5Jjfpwwk0="}},"HmMDKSeL4lNwV3WMQ8G1AAzLpigVhOwpaKGYZOXjaQQ=":{"valueMac":{"type":"Buffer","data":"b5gCgXg7WmBbITeZx5Xapl3BIYePqxzFZJIreUgYYB0="}},"mMlGECWuHiYiyhze4ZoeEDgUVzb6LvMC46LTZSG/x8c=":{"valueMac":{"type":"Buffer","data":"A1b3X7Q6H33L45byExc9CrnRI4lJvDVR6vEQyX/jMVs="}},"6QLgk1qzuPnEUfOaRDdAwZ1ULXLZ9zzdX92zib4RN0Y=":{"valueMac":{"type":"Buffer","data":"7X/ll5fyLmz1OWk+8GU+j8EcaTI3HRwqIyZdozVtiLM="}},"OXrJsxTXr3xfTDZXdFTDn1+uxNaQletoeFxFEXQxGfs=":{"valueMac":{"type":"Buffer","data":"WwpTsx4+/nyhMhVUPJ7aUdF3Y6YznBsSh437Ky0LrFc="}},"ikP05tB1QMuO42GiNodbN9rDL0pwKC3SzDqvDxy+dF4=":{"valueMac":{"type":"Buffer","data":"J1xdeMYzXssg6agS1++alCN/w9Pt/te5t/t3licG6kk="}},"wkgUnR/50On9uSWHqVvo18iyYLjUjX1nWCLIOKIuBO0=":{"valueMac":{"type":"Buffer","data":"VjSdmiRRwQGdB4T9JkcEITyGK1EWLFSrBXfXm3t27Sw="}},"Wu+lh+e0MYcx82cEwQPViY1Yig7NdB2Zq3TzLwe/k84=":{"valueMac":{"type":"Buffer","data":"yf77TN07Oz92s/2dVfUx3nzzXuzVEq6c+G09yn+Kmmc="}},"mHRfULJdNnhnHGq9PUTPP4LX+xK88LN7IWro2VvaayU=":{"valueMac":{"type":"Buffer","data":"FwKTnPHLwX0reGzuRxAQJKX14hbiKmmlFDz8aUKTPQU="}},"NblM0+WpR0ZB0iWm5Kswv4lnvP3nth2aYanYpnbVCgY=":{"valueMac":{"type":"Buffer","data":"CHYgXohC1co2ZX2Ygg8hsCbaR+lE2/t0ksqFgylCxSI="}},"4ZEkiGeEtFK1SYkIX8Ftt5C8WDWr5AQCl2FwGWeAwDg=":{"valueMac":{"type":"Buffer","data":"qsSaH3aonzI1Ak2x9uHmSrilMuBMXfsrka3qpXyvk20="}},"93EgGg/MRLRFbMfooMZLP64EgmWazTNw7uGLOn9BHvs=":{"valueMac":{"type":"Buffer","data":"c4mYEsPzxGHaF6uWgGPemazULfeLzwlCIk0P5SAbwFE="}},"qE+aWjRb0uCFYWg9Rs2VmHTIhjJNehuYCR69LmF/UUI=":{"valueMac":{"type":"Buffer","data":"vKyQvOoG96npE6F+BWJ9UFf9DL9GZp61axzlIl0zsdg="}},"R+FS8HINTlQ5nDhLjVsJTbpfHex0VNd4B+LHJOuIMIo=":{"valueMac":{"type":"Buffer","data":"zPFgQg4ZP6jD/bZs7vBe+9O/i9LWpZh/PaT8OBu79cc="}},"BpLrfIp4u6SXXuGzIru+UyVs1BdezsRO+DXQzbtL3s8=":{"valueMac":{"type":"Buffer","data":"xT6WqL9Ik3t9VGKm8U1CaI51LpnyWnlBQrB8xVLk09Q="}},"2zHooyxkkK1KUY2RnL4HovCf0WsVXS68xseCkhkJUBU=":{"valueMac":{"type":"Buffer","data":"Sc4Dgj1wOvfCmgSmHJHGORLvSaOIyePlqyVuNBmD0qU="}},"VCtL0hGPN4M6XzgUcr4KOnOuZe2ueJ/Kyw1mPyhzP00=":{"valueMac":{"type":"Buffer","data":"C7211ObKuEWoTMzvqeYjSV1KKkfTlLj2kKsAT4KNiXA="}},"AeDtcp8GemBihYutS8CuOh4rLKcstKqiMkZWL45lyrc=":{"valueMac":{"type":"Buffer","data":"AQ3HVpbfMO1tqcX+1JPnDbM+TI5zY0M6pfnbYZbnCJM="}},"8U9vrEZlRQYMrPevtmVZw6k8sN1NLdEpkjfCckErhGk=":{"valueMac":{"type":"Buffer","data":"D/mpzK7vOIL2Hlw6HPSmanQUzed52Di50cXMTom2zUs="}},"EPBoUK01C1/eOwWZDLfWGeYL/SwvUnozFJOissRpOsc=":{"valueMac":{"type":"Buffer","data":"dmQCrsc8WJmFjf24gWO/XsmqoKOuP+Iw0KLC6KyB0Lg="}},"FVIvFmkjDEcPxNpB8VyI+JPfrBKQN41wUZubyPLr5Bc=":{"valueMac":{"type":"Buffer","data":"HC+IU8L15TyRTvyZbNi+N5fibLnwu8dmxOHJPa+d4N8="}},"lFa9oZu6Td1eq5jf6oSzhafYvRLtrX+ckX9X8mLQBQE=":{"valueMac":{"type":"Buffer","data":"nfpU63cRw9zOP4CqrkUke3uXr4tdfB7JtUBk3BLxxLU="}},"7pvB7UK3obTKXk2unnVIlJNHWwatwFrRgE5PR0B+PwI=":{"valueMac":{"type":"Buffer","data":"SBH377a754zGG3IXclOzFK6pld8+TgOWEP75KrVMp1s="}},"8x3KEyZpbZqVLohoi2f3YlxhcJpZSUba881VDzu8eOM=":{"valueMac":{"type":"Buffer","data":"ifqpr7vOfgzEBCH6hd4rX/PK4ROi/MBVut3CJNxsSCw="}},"ARdBUqfJbUe+H66NJNPd+XjtL4GRNmWuewvVOUQX0qk=":{"valueMac":{"type":"Buffer","data":"736qbUUo00PD8IQiS/HZdD2uWHxo9/GrLGRCfT/YmCc="}},"ai0J+3aQM2Cg9k37TZrwwlmqEOnYhiUt2YhDPqk7Bbk=":{"valueMac":{"type":"Buffer","data":"ftR/N5aW6N7EkqrAt76f63TD+u/Yd5ptzsKiM3dHdME="}},"wJ9llW8BFF/u64R5vuX+2z2FIipOJNbo3bKI/p9Tj80=":{"valueMac":{"type":"Buffer","data":"mCeDM6ecToYDwIWzIAoOg3MLaQE0JvZrLIhNwLB5T1k="}},"fZXMk7gUtk3Pz2kJqg6tNykvqvYaYcD/XjcfN/ZVOB8=":{"valueMac":{"type":"Buffer","data":"FBXgf0dMaBDv4MtRS519dEC8v5DfWeiVScCR1Ea/+zc="}},"xLWTVymLXwP/yICfuCXF/mJNpaf6cCaXMEgiYDAD3ZM=":{"valueMac":{"type":"Buffer","data":"BUSTmcPzRUwk8MV9loZUH2zBjotu8yuX00qhhZZznPg="}},"fBchtaOhx6v33eCyVioyJPX4pvlXhnzQUm5IMgDX5/M=":{"valueMac":{"type":"Buffer","data":"JVjw19583drl1uymxjmES/Fo/3K+cHTemQNusiCKx/I="}}}}