{"version":1,"hash":{"type":"Buffer","data":"yUg7pYSVRlCoSAUwpQiTmM30saLFbGd5438mEDFp0anvwFwOy3uyJdXXFl9bjX3E3UmzkCDKjDIiLs325SqC7gXmd259C7sSPahMEr/jdVcFBwtns9zNFTDAsbCaW8H3t4Sk0Y1shLPCZmQoW5lSBdMsZEMBt2xIM6XPejLwCIs="},"indexValueMap":{"0fxUQGZB3v4dt6E743v6dfS7sSfQ2j3bXynKIeGpiLs=":{"valueMac":{"type":"Buffer","data":"2t2YSVe9Eu80GUwEcCaMFVdrFPcQUcBG6a74WReoprI="}},"H0Fyc6xBsNvqrBY0FYe6ems2CArHFxOAoE7C2EjpVyc=":{"valueMac":{"type":"Buffer","data":"lVTH99EqqX/13FaVOIFDUxAxMYlI7BJWsStwhyvQA1w="}},"w9/jQvhKFb1j20dkxASgU4/5wj7w/kEkyrnTC1ux9Ng=":{"valueMac":{"type":"Buffer","data":"kOdQRqExZpdRRfV+NCeN5YjGaRi0Sclx7XdPnYYZbQ8="}},"LRpZNXWfECfuU9Gu0q94YM5GoZ5Tj1zifqRztbyh8tE=":{"valueMac":{"type":"Buffer","data":"tnMLPRFjt04cUXr0MWEw+yMrUG/QehQyGf3NK2psxTA="}},"BBY0uGP3VXBzaENb/PgdTRRG8F6I3Y/jveL5JZCCMzk=":{"valueMac":{"type":"Buffer","data":"4Sx1HN5f+hAS5zx+1i4TQwy6g1+yILuLqH40ItQSrRs="}},"1ktjwJb563xAHGJXhClDsm8iOHwIECp6bkkvgDRZqGE=":{"valueMac":{"type":"Buffer","data":"krZRkuBmIliM5uXFAZ2epp+EjnyxDeQliAbEs5ZvxnE="}},"8eyN37w09Y6XLDFoC4aNuQdr1dQPmOpw1lJqZphezQs=":{"valueMac":{"type":"Buffer","data":"AVZSVVkJ5jZD+tRPGsy1KWr1J4d1Yi7tE2xI9B0ZiUs="}},"J+jPBgCMtMgjCXhBpaQX71wGEch1a4uDsyCtl2N3cV8=":{"valueMac":{"type":"Buffer","data":"CKqPhXYZ9FrXIaviy3ZOsi6gbp3FQ+Z3ARsgxnan8LE="}},"c9eVGx/rzQQiE953Je0vi9bl0alPa193eoHdF5NpZDM=":{"valueMac":{"type":"Buffer","data":"gEpw3Al4znlgrBNi7i9Nxz5pwDmAY6NKBa+0EqUWxAI="}},"ZFHvD4cgzbeybzoWQkIOBOVnc1541CaLSRW5D/n2z/I=":{"valueMac":{"type":"Buffer","data":"lbOicRbRk2x9iVoZO9mpamqOQv+XdXj3Pqm1Ggem0aI="}},"DIR260hThzPwyW0zq2IvM+QZYYy2o3RSbgcn/9IqV2Y=":{"valueMac":{"type":"Buffer","data":"oCbBX9goF4wdgpG2XSguSH5WQWVTR/Tpaavb7caadR8="}},"AdpxED1RG1sd8un8s/cYQlTUdYSZN2y3qng7AafFDHo=":{"valueMac":{"type":"Buffer","data":"IbKhHoEq4gNy9v7SQoNGFepQotAavkCKqJJHw2dj5lw="}},"uL4IV74UNm0zuKwsWnNQJ6Qxgj+1io7J1hFgPdx3Wc4=":{"valueMac":{"type":"Buffer","data":"pDMBiZYejJWbknctaulNwUNCgATvkZq+c33C+QDjXMM="}},"B1IL9ymLDzJcFNHvrrmHCWVsY72DhLbXE+YnrFoKMcA=":{"valueMac":{"type":"Buffer","data":"FVbVL/Yvpntd+c0XAKFtf+447jaGHTCqiIGy1Lubqro="}},"tZRKot6bFPA9tIYB81dwDifQ4/LWnbi2CwT/5BpvefA=":{"valueMac":{"type":"Buffer","data":"2OFzWw2vFEbsJgNmnKNDxnDww50vnbiyrFehY1izOuU="}},"+tOFZD9fFpU+u/ln+uMawbFFts5AA9vvav1vDWo/lWw=":{"valueMac":{"type":"Buffer","data":"VuKgUEF7BFQH6+/hpR26et0vD3C03vICFolNCB61TkM="}},"IFPZJ/BNK47basOq4VNFhYbzgajwF5Fb9cnSaR3t4aw=":{"valueMac":{"type":"Buffer","data":"KLBcRn2GEfQ2V7cLwu/FuWUB20AfhP1O66D22oNrKcA="}},"S3DV3lEoCJiOSLEJf9A0l+BiTSUzjSgAjGhsiscezYc=":{"valueMac":{"type":"Buffer","data":"elVtgPD3HpPua/R5oFm4DRadJqeyYEicRwuX4zVlYoc="}},"LdGnGUXxrF0+sMikMw2N4jdGv3DtdRKXJz0gB6ZbK6I=":{"valueMac":{"type":"Buffer","data":"id9/9EOf85PS0mYlN8+wUXXFLm/wareYAct5Nmfozzw="}},"FPmdbFM8xDQWXkrMV5FZ6AyDmWEi5YJbi+TNavT7qO8=":{"valueMac":{"type":"Buffer","data":"y4FeGBwx8bSrZAfH3c3Pejd9EtorpFkGvHTOXPGhVFo="}}}}