{"noiseKey":{"private":{"type":"Buffer","data":"IOgra0cA58JckEZkTCR7VthXbim9jh1EswZu2qqCDGQ="},"public":{"type":"Buffer","data":"bwhCO6dBUbhhAKxfo3XprXbnlx+Wozw0d3zMoEpLzmI="}},"signedIdentityKey":{"private":{"type":"Buffer","data":"EEdx78jAbBUM5tiYjxK5ADjOvN0OkHJs10QIDGnk/ko="},"public":{"type":"Buffer","data":"SP0SCWUpfY2f7mm9axQTufd3XhxVkN4xHYx3W4mvlS4="}},"signedPreKey":{"keyPair":{"private":{"type":"Buffer","data":"IOruSK1LU2jxtinsa6tQFy0jGPJl9+tlb14Zz2z3K08="},"public":{"type":"Buffer","data":"12ZNNT/QWTisUOn5BjOjYbM3WBaDsiKyH1tcEqSYExw="}},"signature":{"type":"Buffer","data":"iEI9mTw/iMXwqKxrTdUbd3i6+szDwZ4BArYfvPOWP1YCOMOBsZUBkiQMn++8eBK0k0z5F4I1BHt5S8B4cBxbiw=="},"keyId":1},"registrationId":229,"advSecretKey":"o74NKtzf7Rs8nla8RRJC1RoN/9tIJBcb2Wi5GqljWMI=","processedHistoryMessages":[{"key":{"remoteJid":"6285723701289@s.whatsapp.net","fromMe":true,"id":"58892D7C58D9A594ACF843585099725E"},"messageTimestamp":1713700640},{"key":{"remoteJid":"6285723701289@s.whatsapp.net","fromMe":true,"id":"BA299D9E28574295542D7150D3E34199"},"messageTimestamp":1713700641},{"key":{"remoteJid":"6285723701289@s.whatsapp.net","fromMe":true,"id":"547B9D92224BCEC248B3294AED5CB015"},"messageTimestamp":1713700695},{"key":{"remoteJid":"6285723701289@s.whatsapp.net","fromMe":true,"id":"3FD17B58231F122547FBABA6205D424B"},"messageTimestamp":1713700697},{"key":{"remoteJid":"6285723701289@s.whatsapp.net","fromMe":true,"id":"311202A12CB5FCA1C8F3455E211DFA5C"},"messageTimestamp":1713700711}],"nextPreKeyId":31,"firstUnuploadedPreKeyId":31,"accountSyncCounter":1,"accountSettings":{"unarchiveChats":false},"account":{"details":"CKWYqycQk/6TsQYYASAAKAA=","accountSignatureKey":"dCghPnNaWXesPhceWTzs/JHAj649daNM157zvCvwakI=","accountSignature":"D8+MYmbbhpHYe6rFSk9VlwD3bPUwo79uE+6I/OcnK5d81hnwuXOCxvS7zB286rRloYSO/XAUJerugVNMbpAfBA==","deviceSignature":"zqAehKJEH1LaRC0p6D94gej+2MLdtF4U+IUZIb7Zd/hsmJgHSsoaMPrKfWDxYcpMIFiIEtdfOQY2a7xbSVOyjA=="},"me":{"id":"6285723701289:12@s.whatsapp.net","name":"SHOP AI","jid":"6285723701289@s.whatsapp.net"},"signalIdentities":[{"identifier":{"name":"6285723701289:12@s.whatsapp.net","deviceId":0},"identifierKey":{"type":"Buffer","data":"BXQoIT5zWll3rD4XHlk87PyRwI+uPXWjTNee87wr8GpC"}}],"platform":"smba","lastAccountSyncTimestamp":1713700633,"myAppStateKeyId":"AAAAAMnD"}