{"_sessions":{"BSBpJkgK81jR6EB8n8yETqZ9MZz8bYgGoQ2gWMGxJk9J":{"registrationId":1569563731,"currentRatchet":{"ephemeralKeyPair":{"pubKey":"BWBzIpUDAMTD683Uo125C+tHlgUTJMEzbzznhkLeVRhm","privKey":"WGdWega9D22kPL0+TXQysfIuWj3p52ksVaoBHtxtjms="},"lastRemoteEphemeralKey":"BQft35Ilb10IWBUF+CQeXpPQ9bx+VcoM1ib/oiy9HOAx","previousCounter":0,"rootKey":"0VkuZFoFnSJqCx1ixhiQbqdOkyGrnEN4ySqCgSBete0="},"indexInfo":{"baseKey":"BSBpJkgK81jR6EB8n8yETqZ9MZz8bYgGoQ2gWMGxJk9J","baseKeyType":2,"closed":-1,"used":1713700634500,"created":1713700634500,"remoteIdentityKey":"BXQoIT5zWll3rD4XHlk87PyRwI+uPXWjTNee87wr8GpC"},"_chains":{"BQft35Ilb10IWBUF+CQeXpPQ9bx+VcoM1ib/oiy9HOAx":{"chainKey":{"counter":11,"key":"S73TyS8kRsame0w3kV7+GeAQ2Pn28FDxkfj8+Q1mx+I="},"chainType":2,"messageKeys":{}},"BWBzIpUDAMTD683Uo125C+tHlgUTJMEzbzznhkLeVRhm":{"chainKey":{"counter":-1,"key":"xgabjYUgltHiZ0+7uzeJ0bqesOd2v789xBVD2QNxukk="},"chainType":1,"messageKeys":{}}}}},"version":"v1"}