{"version":5,"hash":{"type":"Buffer","data":"J5SPMh5A7Pu7k0PK+gKYxQgO8X31J7666AXpUGOmlz3ciRAhuQPSkpqKd7UFPsNuEe8fVn7c/AiEo/7eZ7oBxM849eU3vF4w8lwmYgUC3q2hchn485+0rfjwnqUZnns8Kc4yVidtUV0QHO7eAB38XjqU6d9fTyuTGBCMOJKpe8E="},"indexValueMap":{"doMigihuGsctWXINAbw5mxntTWhHJUIsRTzpxRt0ZSY=":{"valueMac":{"type":"Buffer","data":"NpQhGZoM1nMpMkxkSE4Nj3kyjzHWhMceIVKt+4rDpR4="}},"OnTRQpgecbDpqOk2bgzF3Xwfw9/xbI6n6Cjyhe2oq6s=":{"valueMac":{"type":"Buffer","data":"nJ+LLa2QppkRRR/8XGIOF3OJUJw6gaLVk+bN21Qo7kk="}},"rdUvrmek0xtgSAX4r2cI4CBmTlQP0JhgxOX9IJGUQNk=":{"valueMac":{"type":"Buffer","data":"XS+s7lOTAG69DraxuDGXonOJAePL0UQBBXTlFDe/lks="}},"5e+OJD+lbTPrvb9HcHyIZ1eUeGMmPp8n1VH+iPGjdrQ=":{"valueMac":{"type":"Buffer","data":"wc3SKNR1NX1Z3Jm4wzY36ojP9X7eg7N9mKjHsc04qN0="}},"u30x685Xg+8afMWBDQqTIpr1ffo43EMlG2yf5DxFh9w=":{"valueMac":{"type":"Buffer","data":"GK4/VTwRf+U948rqEYeqcPilf90ZS7SuFfdRhQTsp+I="}},"JP+9jYvP1BvR236YS1yytvVPF1VJ9vHe4/RALIRfM7o=":{"valueMac":{"type":"Buffer","data":"KA1csM9H7MCqnoJqGcCm1drfAIR7doh36QhooJLWnRg="}},"Kn9BftEzEXsw1cBmew9yDr/Aw1Z5Fhyho8N/Xnnj6TQ=":{"valueMac":{"type":"Buffer","data":"nCdTcyAY29b+pwQcF/DTYNHlokgjlM8vhuwyZ2UYaKw="}},"8a7LTe7I8jSvO5cgQHXvTJUY8IiWGUa17+kFSfIAlz0=":{"valueMac":{"type":"Buffer","data":"ffyIe7HPDH7E0d+rukaOg5fYm42KGap//8XChYROBJI="}},"qwSEFfVfqzzD087VnrmGu9ZpeWUBWeIu2vhLg2lVWk0=":{"valueMac":{"type":"Buffer","data":"bteHQZc97VZt3LLjAhaj09i7BtzDE9YrzsO8jj8zK/c="}},"rZ0nnsoIR5LwszeNZFtG1kRxbqOB2MZc7GKkXAat4rg=":{"valueMac":{"type":"Buffer","data":"nHPqxR/EpI/aLdzBKQkH8Y8bP/Ot8NrdMy33ftqKpdc="}},"7Q4UpPvF2LM3SC6MTm2yZ91m6J9Po6aacyigfVnqIt8=":{"valueMac":{"type":"Buffer","data":"wBEaTNC9rbH5Uyfph/p8HvPW9LQlMAJEZlFXk34C4QU="}},"s+vjAZ1XnACT47DM+Te4Cr7wxTPni1gCqqPebiNW/fw=":{"valueMac":{"type":"Buffer","data":"matO+luhc8LTJwUXdyCyqtD3hvnM563Nl6fDvCUpzUE="}},"6Vj6ygoRnMhzWrc4o/gK3E0vyIniLcqebaNhhmPKvy4=":{"valueMac":{"type":"Buffer","data":"sA3cMXvojnwFZ886vdKPeNYvveHMPR2i++/XMIpBhFI="}},"xUdGHzfLaax50MuoQGorxftFTqzb3KLzJmMsXEvbQgI=":{"valueMac":{"type":"Buffer","data":"w+9oiNIXi/fFnm8jdkWIJn8xfv6tJw8PpCaVs4Xw5aM="}},"occ7rT5KBqwCa2O1lQRjNoPMcQoFwTbt6Ig+3Xq3w0c=":{"valueMac":{"type":"Buffer","data":"9IFHhVHupdORzLH/hERheV6YszfSO5RVEfMWH7+IKoY="}},"C8zPV8wquGdRjN8on5mFaXTGuN3amg1vId/OyZNs7kI=":{"valueMac":{"type":"Buffer","data":"v/9RSpKONSVD4upgo2MR3OWmke4tAZSbBhabzp19sFU="}},"UY8pYclA7Ba1y0ryVrHkx4isa0oxXzK1j0lze27bnAo=":{"valueMac":{"type":"Buffer","data":"QzV5UdEDj9fnAt2pbm00aWASJdTCFitQ4wWK/1POSVs="}},"QX+NAOSnkuprXKxFBsG8YcCNAbJQXPrzEuI6emGllHU=":{"valueMac":{"type":"Buffer","data":"nV0p833ZL1E56NQHh+EF7eGqJNS8JXCAweQvwQ8E6Wo="}},"uGD1gmDN+J5O3BFhzbW2+Ip+CLA5jmUR603UD8A7wHo=":{"valueMac":{"type":"Buffer","data":"iaaHz4Pgp++uPKNCYQ/sYXdRU5dgzJ1uc0dLqjCJPLo="}},"/JZ3iuVg4jKVcHjFuDsx1lop8RfSvoLp6+jvuT9NQ8w=":{"valueMac":{"type":"Buffer","data":"RZRZSwx5R8/VBu+B3ILtCJhWKCjmdz0r2fbxXrm7k20="}}}}