{"version":1,"hash":{"type":"Buffer","data":"ab8CB9NaKTy8iwhfJOXQxUCAc1saBflQ3wqI37dCIuqCku0LqbiigKaXc8/fopCn0/zYJ0hgDuxJqNy4R9UoRk9GEn8Kgnnf2W3BHeqwfK2HUaHlTWnSUXh1RlN/syIGboye+kUzYeTTjz5wS6Db3WUcXrlZYiiXdtWdbhVYZ7I="},"indexValueMap":{"3+FuZaD48Fds1vtaXCAbjHr7yOcQrerfDBVEe5XAUEA=":{"valueMac":{"type":"Buffer","data":"lFRWZMb1UTsQQsS//eGRD+BPPYqKvTaHhsHr+olkZ1I="}},"buB2ZBqfHLtAgVo9/a90GrBeu8WGpPZQNMs1/DB7tOQ=":{"valueMac":{"type":"Buffer","data":"hV5O1NVu2s9b9xi+FiOuOvipaosG8ulB+Ysj+9Bjksc="}},"eB6Zpw325JBlPftT6mTGePMIKYuExskROtDh6O6nLcA=":{"valueMac":{"type":"Buffer","data":"Zi2JD2ktFWiGTq/v+MWx++eMI6BbsyjFfueW1w+fiao="}},"+3RnbE2rMDvCarmkE7Ivhn0z9AF2HjxWEf0ptpvFB4g=":{"valueMac":{"type":"Buffer","data":"AvTUKM20mOptPwJNjq+KPGXP/yvFxyQ1bQc4fW/brBU="}},"5zjzuKZ62rgmZKnLLH9ensngSUccwlSNZTzyqb4FcYo=":{"valueMac":{"type":"Buffer","data":"KCZgbh8j3wUmM03GCl2PByO9NJMxs3s49n5CAilv6lk="}},"MPgaX/HG7cNl4T7J3+UZVckrlxeOpFxoHKF6s5yRrCA=":{"valueMac":{"type":"Buffer","data":"iKN0bokiCcIyOfWWaCltvxnozq26bFJnva6NFy0gdqU="}},"K5xX3jNLGVXkc3av3nOnN4lfgcUXDMDpCX1wg6SKGSE=":{"valueMac":{"type":"Buffer","data":"d1XnY3xg7N+/FPO+SDsHTB9LhIai5vselDEc5qd/NV8="}},"ldnU/Nw9YEkfJr0BhGUlmomy7OVm8U74he5tI5KTpIE=":{"valueMac":{"type":"Buffer","data":"Rvh4gk/U+6TptnuiJneiPK8S18fnKp+49FCTY/Sre8I="}},"/n1H4ddwROimcKJC+GPd5uamWjttYzxOe4dGwByxhdo=":{"valueMac":{"type":"Buffer","data":"pYhNNyLUgA3bIdCp44UZOya0NrDJxwHMftTRW7SHuzs="}},"iw6xykBkE6/zQxp6SRvxGzOrudSapPrQGOVCRDziWI0=":{"valueMac":{"type":"Buffer","data":"oNJLZRFxdYb8fP15ylf4yv1vyAdyqDdJsoEtvem7tGo="}},"zT6Xs+zbtCRR2RKanQjz3CrHf5hhSMfQNv12sXjyfjE=":{"valueMac":{"type":"Buffer","data":"rE1jelUsc0wB0Pg+w4pr1mln1a48+R7zarIXxLHZPFo="}},"q5HFdsDQoMsTsT0cQ3saAZh1GEpiswMa8dRrhjBtON8=":{"valueMac":{"type":"Buffer","data":"i6xzMB1QrgOrrILyAu1BqEYnlr3wHUDpJYdYovXXo40="}},"3VHQraLap2tx20aWwpFuHnE5VXKYgt8wSVc1XAFxrXo=":{"valueMac":{"type":"Buffer","data":"k21YmWpHJuycVT4opqsriSmi4nRlfT0kzISZetutUXg="}},"Tpzm0YmRA7eMcykGQDcTyOLtkptacQ9fJjDGlMCDJFQ=":{"valueMac":{"type":"Buffer","data":"PcyLocxwXBNltQn9wVxLm1yc+cFGxcemHz8EvhXzBD4="}},"KdqY2mvKSVTWfGoP4vWRMGgEkRbzM4BpPrmQRPbnRdk=":{"valueMac":{"type":"Buffer","data":"GYcqOgS/SDS5nleC7XFuVsqy4/uwJZRit7uAI3ApEkA="}},"hn6g31o+towIlkfp5/a9qkx3lhk9q8yAEWHw6nbnGhc=":{"valueMac":{"type":"Buffer","data":"p1QRNAkNcXbhY/YipDIekYfF8JaDEHEoUGvWw7wAOQk="}},"vsUOI7bLWUcrYkkughoFA1RPpr1B5g8rknUiUrJXNuo=":{"valueMac":{"type":"Buffer","data":"wtD8tzuId5vyV8QQAk2R9JkgypcJDpyckmfjodggkSs="}},"sEMuLTyWc+grqQjl4Me20DbXlp+ynYLyeQCdudr5qfE=":{"valueMac":{"type":"Buffer","data":"LoZtO6re/riqTZm7lh090ztahW98zZ4aQP9tlL37rzk="}},"6wdqohf5BUcZx13Jx3CEN4q98k/0CsRE90VejV46rF8=":{"valueMac":{"type":"Buffer","data":"e6mlu0q3wIpffhpcp/0NxSbaqoJD2wXit7zEgoNmG68="}},"OppO0SuUID4/dfL+jCCvgUtucT0Xbav7HXUnJOwWHaw=":{"valueMac":{"type":"Buffer","data":"UOoiL7HiOOHW4LGyIi4lyXVBx42jGeOy86TJ6KJslE4="}},"qrR7dDf7+Z5GCoZ/ujNw/yxTmcOXAbqiHOpr7uNBzP8=":{"valueMac":{"type":"Buffer","data":"TQpXc9NdontZrmiB9Fp0zxVUeePXQbpxZmOj1qEbQGM="}},"Fev1yvHVksMWQPu8NaZeB3t7oV4bSoN1wpdnrTbecT4=":{"valueMac":{"type":"Buffer","data":"Fs3ADkajn3rxPcp+lcY2grciQU+dyvTPn0iqzFAW7O8="}},"cvGJtZbfQIruicl52kJSyn74K+4KSFYD5lOVVtT/xEc=":{"valueMac":{"type":"Buffer","data":"ZYVjahacwXITg/eTq6VDp8OHJMgyDdKFGnlwh+geKzo="}},"PaNybIRiIyafuzn8e3woCWEG1mQNMSxN7YikUoQcTC4=":{"valueMac":{"type":"Buffer","data":"65k/Wab+fCFrnaTA33uK1ocfKseudzxtzYpGazsPhuI="}},"mLTZYwx2MSlbctG1XaeJbsuPvSiSpTbgZdAshSmbuFQ=":{"valueMac":{"type":"Buffer","data":"yssAiysSiHiCyJAUytSuIo0vxcapRMZU2Mav4ZH/sPs="}},"Pet3QKXh/YMivd5oZT1okL5ifikdQznLRGM3QHGjVx8=":{"valueMac":{"type":"Buffer","data":"0Kzh3iPCMmDDjmVCVr9z9y5GlL79fXKTKbvYxw8xyqk="}},"SsW+NRh/fNlbOWYoi/cN4VKBdKhXk7bOk8DG5+mRtBY=":{"valueMac":{"type":"Buffer","data":"OvxnZuyvyKfmT31BJ7FMIstQtbSJHw79tWdEW2ym1o4="}},"3lkAU+96R4rrZ9vF/ByN8naKShpfc7X2lD809Lpjl9Q=":{"valueMac":{"type":"Buffer","data":"n0PlLZ2VFdEvNrwXqFXKZnWBYdYHsgi6GAWIi70Kf4I="}},"M9jevAcD0tZbSZSHhGZnZeBL5wyUa/+WlK/G6UBs4qs=":{"valueMac":{"type":"Buffer","data":"j59HEbH0Q/uSFcUxVn+rb3/ILn8gWUePu2VjSDDG7Wo="}},"edFeXh3mqHrchykPrRFI7KK+vbcW17GKU7AxcpkM+NI=":{"valueMac":{"type":"Buffer","data":"sZV+C0GYXGgxUBidYNCcG1AK8jfBPziim4bISsb9A0k="}},"oLYKdCI8k41tTZFVx4zPxItzGhakJeCckEbTYbk5d7Y=":{"valueMac":{"type":"Buffer","data":"9pVnVRUMS2lDybZ459FoGc7H5JU/+w/4lCxsG1K2Mgw="}},"4S7E23tLwy8r0laDVouwTBa3swHCPCr6x5XtC9hlSPY=":{"valueMac":{"type":"Buffer","data":"KV+rW4JWJZyROghWOQgnhedsYCx2GFDVtD5tANZcRUE="}},"X40PZJ7WVSid3UpFR7wk8qqFFf3YFzOmJ1TLUBjC9Pg=":{"valueMac":{"type":"Buffer","data":"+NiY1qQR0oP+t8ipcdOuTcitVKvG+7w4ZNdyAgACgP4="}},"GV93c9FTQDMJpWTJlM+Rj27kxfKtEh3XydZDS+6qVus=":{"valueMac":{"type":"Buffer","data":"8WpAyzJLvXOHq+npDsrSC4xiNqg4yOCuxsTMGaHmieo="}},"MUPViLBafx6o/B3j4yPqg9nlqYyK7EnrfLV41I19ARA=":{"valueMac":{"type":"Buffer","data":"9f/EM3X7a7Mq85vAGjcV2x+2iCqB/uuBDcdnNT3/pUQ="}},"kjfqYFE/UkJS0w37UDJ4xjsHN9IVL2k/SdeEciHxvQE=":{"valueMac":{"type":"Buffer","data":"zFDkRmUD/jM+UrvIl6zTdOcqIXfUN6GRaJDoSkAhGJA="}},"TLR9gdoPnKqI0TVO5lxs2K3m+uJELe5Sbu2jc5Hcsmw=":{"valueMac":{"type":"Buffer","data":"pmCPwdxWs+v0sujwhQ8mj0grLG+k2wmpm91SwYrhKmU="}},"Q7bQJhjEjfmLF+phyHPqQOvAWpcWbaLKvXmvvQKdCO4=":{"valueMac":{"type":"Buffer","data":"4PtNSymsljPl2RNyvo5via+Lr8aYW7rhAKu5cy1sjWo="}},"mJ60X3fBnXb+wJHdtfWRVZ8/l1Y8Jmt2gHFs1Mrvc9Y=":{"valueMac":{"type":"Buffer","data":"FnrsC/i5ro9wAB9S2G394vzaBweL2qd+71TNDGPINas="}},"0/O6hFN9lZqqQ6TnAAZTTL5K03W+bDWuCdZOA3hR6Yk=":{"valueMac":{"type":"Buffer","data":"Ivng+eYh0EBUK/4kKyCDgdh3FkWHxeF2lxbIzGolQOk="}},"Y7VMWo2yvafbjiuB4SNLLoABThzbJHRG6qYwbmIzyyE=":{"valueMac":{"type":"Buffer","data":"liU+hyJVImFEINY655riTUgPGi7FodIhsSSu2iPwEMs="}},"2J/oxiNloqhXwFjDq08qjq5ilLK9ep94Nd0niRnR5FM=":{"valueMac":{"type":"Buffer","data":"dkpDwxES5XkM6uV+TG5SAr8u+dbHLE/YkXg6uJzYDVY="}},"wC7RceYa9Kpk13FQ+Ce5LJv/z4nCTgsfaqo+Yt1bRaw=":{"valueMac":{"type":"Buffer","data":"zLt8EVN0lDkv5zvhXp3b7F9vFgO+q7Ju/f6xr8Clvoo="}},"eLLq3rgHzxaxTdKRBZux8/NS+sdslQvq2HxVVXY/9Y4=":{"valueMac":{"type":"Buffer","data":"HHxEsVu0dU0L/HngHlUlKw230DPUM9kKM17L4SIf6mA="}},"YSIEPyK6KGlHfZBcS5JTjMn3TCx5gUkDZPb2Cm/CR5k=":{"valueMac":{"type":"Buffer","data":"tNvi1yEbG6Vh+1qCgpMmLlt36vFTVwXyjO0/uPIvK+k="}},"m22ts0ZTJ7xnwnz0PhzIjQ4pbuWBTVt16pa+Fvz/Ga0=":{"valueMac":{"type":"Buffer","data":"mffBo8AKjEUd41Rgu84ODCr/DokUG/2Hgb0HYPr5DMU="}},"Guipft4GrNasmH4zz4dMwZwN1gsbmtK3JnVSGGMZhqs=":{"valueMac":{"type":"Buffer","data":"DvWW5XrvqlVOtPYibXlIN11M0o8/Kmpg8WKzuzld/Mo="}},"PKQj51I3Da/zNcBtCqlV6d4nvhGcwgTMtKMpgWQsKF0=":{"valueMac":{"type":"Buffer","data":"MqrQhGxjHqrxZRLMMbX5nanPqVRkf9l2EPtDBrABrfQ="}},"lmKYAvo0/D5xU90eHGKzqV0UglkHYUxGsmCpxflnkaM=":{"valueMac":{"type":"Buffer","data":"73VshCSa2ds/taiSbLikIFb39TlwABhmKB20tcHAHrU="}},"h5+ft7J0pqfIpz/YmPVQ7Kocz6r1sF5pzzvF3GOjE90=":{"valueMac":{"type":"Buffer","data":"4ok80X9wAz7xiylYLwUtPFPwVb64Ou7M494VTili1WA="}},"FM9vKwyLKOOCiBk+RQgdRn6aF7fiM5jm/2E4Ov+ClR0=":{"valueMac":{"type":"Buffer","data":"E1mTRWZH3P4nlCy6erWDmUdNV+h6PO/39YaTYltfaKI="}},"6oCFIhhLyBIjM1Qpy0BIEaR0GUtAaqU0AymtvpCXz+4=":{"valueMac":{"type":"Buffer","data":"lmPcMzdmhf0Bt/9rLslyK8H1loydqNdjgy2omrBVeVE="}},"vt5FxxUFNk5k+qoOQRF6uJXF8fsjo88146lkM7RN59A=":{"valueMac":{"type":"Buffer","data":"7o9xDlnruu/XPr7pxAI4iLsQbK+gRyAmRUqnGPFofSk="}},"zMNY2LhhPQKh3QQpG4lqXfJCBk4bStYNppzI+YQLqcg=":{"valueMac":{"type":"Buffer","data":"f8PRlBeDCi89TUFcAzAmqwugsfK/K5pdFT08zaAqjkk="}},"gUIZgOUg3wGcQs+2sFh/QZ0gjvIl+ACmjwU5nnm30mI=":{"valueMac":{"type":"Buffer","data":"+676ynaGYTBjsgeIBsUE4bSo1TzVyGg3RgOXA/ynb0g="}},"5qTOzDHtFceDx4lf3PIHDlS9qDLz2JcVui/S8wKYJoY=":{"valueMac":{"type":"Buffer","data":"hw1tozfumlN4ZC8bk79/liyVy3KWqf65TEHHgawiC3k="}},"CYJ6igjdD6riMQdWdZQSj2XcAysYrVAhej4t4HJYPRY=":{"valueMac":{"type":"Buffer","data":"+W9i+cCx4rkQ3mtbdu7UcP781vCfbqCguG6bP7Apn34="}},"ByOOH/yX4B39telpQX5+3SjCWnoeeTYdnvhvf7j2hTI=":{"valueMac":{"type":"Buffer","data":"ccfE150YBemfVFXVrmcV5KT0vPnHf/TUx7cJsdKSbdY="}},"m7tsyFEdfgZSq/VYIxPXeddbbYpMx/3Xr9kuD+ZGp3U=":{"valueMac":{"type":"Buffer","data":"L/d43dNTwf6vmqxk1PipxFwiPR27NNdrb77EY/h5mr8="}},"ws54NBoGmY1Oh5PIfkIrj2U1P97kanHsPPng/MVnqqc=":{"valueMac":{"type":"Buffer","data":"qCK5y/IqyNZSKEBX7mO4T678G3NPsQoNlerBWkKLlNs="}},"fP4HVa+TI7FSpnIJwwO9HhvrzB59rTXqMi49frG2sGM=":{"valueMac":{"type":"Buffer","data":"fZmqh4JiY6l9klCS74P5WOFFDT4Ir4fbCdBMDy7ilkQ="}},"OQyQzT4mJ+6DQb8oFnUaSZFe1b/080p/F4YcAFxMQjg=":{"valueMac":{"type":"Buffer","data":"eyRPtbmGniJJvVH42LaAc84SQPEEozcY0MINQQ0MxS4="}},"DCeXgA3ycOGwS2yvLiapA6DEiDvCSw2y7x9IgF1yIKA=":{"valueMac":{"type":"Buffer","data":"Uq1WdFfwwrRaC0N3BwdEB69gcGdrxmUXBS5vKdb/AAA="}},"8CowDYa+7oxUPmy6V+D261KemlgWRlN2dhTMDBQc4M8=":{"valueMac":{"type":"Buffer","data":"vBnorsIo1dLaIMGikNytmh126r46dp9P7XC+nLAnmMc="}},"RciTFax0YR2xOzYPQE6RnoLTFs1gqAbcLkk1oUGH5Z4=":{"valueMac":{"type":"Buffer","data":"XWGQPycFyqp7mIqNIQCIKqWa8ojiOu5oShL+saOwRMc="}},"zfQu+xEsTakfgo43sC2mblqE6yA6jstXvsOgOY8RVX4=":{"valueMac":{"type":"Buffer","data":"kj2kiiko2CTis0q3YKN+LH4w6I6ruNPwvpVr3uD7Ry8="}},"Bj1i6dpJTatK8idgs0N8RKSoJFW1PQwmrvFPi057zs8=":{"valueMac":{"type":"Buffer","data":"wCKJfZVYdNHX+wCAFM9Vt4zTwijVNhdFiYPjyv4gSE8="}},"fbvRu1Cr2eiKOpSB/mYJfsdfBcac6DFl/gNuiELG/8c=":{"valueMac":{"type":"Buffer","data":"8tRuLf2jICVmKrHGnnbeZEv5RMs5+dZZc0wi7QYv8aI="}},"DPHtILJgcCLZKlus3PkLtkbRGBEnRwR5BNAtiEL7IyA=":{"valueMac":{"type":"Buffer","data":"23Oc3C6QVDIjhjs1ODe3jTkaSfxsmgDHnswqQcjVpnM="}},"0W94okQMmJq+G87jbxPKIHFtV63u2uNwduj5rA+mX74=":{"valueMac":{"type":"Buffer","data":"IlSpcWZDYTrwkDIxTjBuf4o2ozcOGzX7fCdBJA/EfzY="}},"zyAtq1cG51DWjBmIlvq4RaKyMDtbxJujbFyEh2befgk=":{"valueMac":{"type":"Buffer","data":"45BytJlE2uFgTMaBOBHoDCufxCo4kI3S2+07KguAnyM="}},"J6TrXQGAs2GCgDfwwb4fGws57unIKEaUV+qnizwqwCM=":{"valueMac":{"type":"Buffer","data":"M7rWrOzGMCOJiDbp+QoqTNK3JF69DwYR8mOwrEus/mA="}},"QF3FFqepkfqi/YrYheM2Nop262HdDfe+9W2K7ZrseGk=":{"valueMac":{"type":"Buffer","data":"wbUkie4nC8Fi1pDe9et6l6p0Jzho7DOCXF/0Uq6QtY0="}},"9P5mjLgj/7b7QTAH4Todc3TcC3gNXwxr0hR6ITtONks=":{"valueMac":{"type":"Buffer","data":"XWV6pWxKOC0GIwiGm01fOiiTXziYysxFigbbe3TwDOk="}},"46oy6tqM6Wntt7+6Bx70Ng7bSOcxZXBlTlOU8kYCwpY=":{"valueMac":{"type":"Buffer","data":"/ZjzdhuvzrPWULF8MmedwATPuDquUa44gePZV2NQV8s="}},"7PiA+spMZAUVR6m1r6fLh4+J9FTtvbjGfNwXQuPuOJI=":{"valueMac":{"type":"Buffer","data":"VxpMvRqPJVa8eZoI9ZcsmQ5eQE5aJGr+1AbM7oKS9hw="}},"bTJozjUyEp/V20CCNWK5hFRnubpCZE5NfNZD4WNtWfw=":{"valueMac":{"type":"Buffer","data":"743aSXmWQXS2lIraDVDoQAVhxqDnvi1oxfqdUPexuMo="}},"1VpiCzAEx78lnprVt6oLsRuX08+1SDq6CmEM87elkqU=":{"valueMac":{"type":"Buffer","data":"msE8TEhq7SF5vLdrpwaM2T610jHt/+hSx5I1qusR8MI="}},"vfB8VbObsP7FZ4kpV/TaZ8v9zutuzmjdUGryt9uXick=":{"valueMac":{"type":"Buffer","data":"bx2qd5UzIq198SQAKnA7SIuNTy6qxqBJepGzZALHLks="}},"3J1F5OIRf2tEuziQVsHbo7lHcymoNTMw8rP3LVeakmE=":{"valueMac":{"type":"Buffer","data":"/xZp43VfUSeTYewm+SaJxVf3n4Wkc7rvSahj+LM3QRw="}},"BMx9Fl5qZtFAgncVY9SdTVV56KClJQamarvwdMT5dGs=":{"valueMac":{"type":"Buffer","data":"wC1SS7pHCb6+PBGktUt55rzaMTGd3BHdZY1Hz+OKJl8="}},"4DVElKsTTw3kX/K/4i3dGYTG6u7SW/W0WDkLt6TLk3s=":{"valueMac":{"type":"Buffer","data":"53Fc/CwBMC6jondQrcXMSHDRKKHmeDNG7aEhYG628+8="}},"YF3P+SKS9U55AIG//gjzmPL4XwRH8GdVLBzYh3djV00=":{"valueMac":{"type":"Buffer","data":"PMFKg+eZzfBw2QfQ4ecjjvfNWUVcJCXggX1dz9n8gqY="}},"9G0AGaMh1S1xLpVAldVT7U446b4orEku74L6gzRv8o0=":{"valueMac":{"type":"Buffer","data":"vIzDIdcmvwMgbO3ALytNj89Nn3+vfGeU+KNAdFzuM6M="}},"KXWGtnN1Dt4vYOGEGP4VsLuEnjAzxNgTrEPqS1zM9JI=":{"valueMac":{"type":"Buffer","data":"VrT5aqzbGN95KrZvxx7HMvjbn90Vo8H9G/PmMavfnOs="}},"HkfxHfB8iQSIu/yIzckOipX6gpxhf1CRjaZV4Hd4hr8=":{"valueMac":{"type":"Buffer","data":"JCiD8myVorQjgNPjBxNmxGYKlA91FaCCxRsP+cpAlHo="}},"v3lrpjOB34etPIdz6MOZ3+8TgWR0TkikOqlcFN1F81o=":{"valueMac":{"type":"Buffer","data":"048msdiykKUoM0V0Fa4JmBw2WCuxAA59z3TUdREj9kc="}},"CAQuR87Nul89j3+OXJ8nqMKaD6RkzH434Jp2kBImSgM=":{"valueMac":{"type":"Buffer","data":"bg1UJBagSSsBMXXxHehhkiKc8EEybK5d6eM9syyfAX4="}},"qBaFQ6iw22gVj4vysEScXYaT2snurVzC4j/zIA6ncaE=":{"valueMac":{"type":"Buffer","data":"F3VPhGebP1PCtpKEwBGI/wrCn3a4FVwZDYT1O2Ejbbw="}},"RSfr5hTlhIXeqMD5fQQvqdsE9fb5wCR22gZ6QBcP0hA=":{"valueMac":{"type":"Buffer","data":"F3nXMDgKbYQ6zTsoyAFz/0guoamSjSbfYaHm7UPoFLI="}},"3ESKjwAPzOAHAl7zl+1EFIjcZzOAsF8nwUkSvTVN27o=":{"valueMac":{"type":"Buffer","data":"wWpwiQzwzOAJiAmkaVAORPZ+la8lfq22ZYXiHBxuBJA="}},"A76uaeTqsgsV9W2HRNJooAyoa0OMucjw7BXccgFcId8=":{"valueMac":{"type":"Buffer","data":"I2/1PI35AciXBpoNLSehzSrFDArJ0qgFPhud0Ie8AdU="}},"WmXriaR5qruj/YiIPR+AtmW4oRlnWp2aBtRRQRDGH/U=":{"valueMac":{"type":"Buffer","data":"7uamewW5OpfIoqfPcC81qAPw7H7+eY8BMP4DHoqe6Pg="}},"Cz4EZYD5QpPrqxRySBzNv7HZ5egmUWjg680F55nTvy0=":{"valueMac":{"type":"Buffer","data":"gup89ZGURhdbMLgRfwZaiEpSSHu5ecqnN25ofjEZRoU="}},"keiK6R83CJw6Lov1n2jigIltQWwtPIfPTb6iy3kg6ZQ=":{"valueMac":{"type":"Buffer","data":"wOhEsPBw8CvC3EdxVgEK8+TmepEhNn6+Rr0MWosnM7c="}},"WNFL+nfD7TJBbj4dowSIfWFOSt6ovuw7NwJ/OilgkSU=":{"valueMac":{"type":"Buffer","data":"RDBMbJ+Pn144DWEmAnQRwduuwzyRyTGeJZlRJqojGt4="}},"/5XGiocHQR6i1JN1X0yCB7MEwJsCamRxHSlTnSGvwfs=":{"valueMac":{"type":"Buffer","data":"vgZf8OgdjSCMGpOr7A7UHoKdxY5nEoFZVOShzw0ez24="}},"IQTUibGav7TsLm7GxXb81G83aCLsnZJ3PhAojYKkwSU=":{"valueMac":{"type":"Buffer","data":"qcjDkyqwL4Xu6YRYXKxTqnn1WAyJr1mf0zOvCXM7CFM="}},"76wqgcjxFWXhnBq6W/O+4VO+IETBMSBmP6FN4o0WYN4=":{"valueMac":{"type":"Buffer","data":"hou2ta3mMESNjRnPLZTBn72paEwz/JICwGDaHsyCGOw="}},"6LWlIk+lz9c3A5EETFJaIo5Yd1ByIf3t1q2AdPAmrO4=":{"valueMac":{"type":"Buffer","data":"3QuZQTsOkHWsxbkuxpjpmzSKoWz6debjxL/QnYdXtBk="}},"NjZUS5+C1kHaBHIahr6oey37MyEYigU6Fa5JZDWMdJk=":{"valueMac":{"type":"Buffer","data":"YjQmPL8u1OEWvqgz6jXZYll6Jh/g4FtZ4hdFB9io7nc="}},"peJGhx7SCiVJT6Y0YBEWdfcOBfTqKZdNW2XmJQsuv24=":{"valueMac":{"type":"Buffer","data":"opyYMxj8rjXOuB6UhfGKFrFj4zRA6LHLMohxlezHuNU="}},"i1nDOYTBh+BePlv4861F+REfAgYaDa9pUeKINpDmWbI=":{"valueMac":{"type":"Buffer","data":"BV03FNqVZZm/NxNZrCn0OlrcEK/LhMmOzDBVjcwPXKg="}},"CTLASYgmTzfKVg4nnV69toRnaqO6HS75+bNa5jyI6Lo=":{"valueMac":{"type":"Buffer","data":"mcXAcM9sP3MG2ezd6oHjsFFuopenLgKk5nVdoIECJow="}},"ZJRy8Jhw3HNiplfQViZI+YHTOmoWZk191ox8C/aWfv8=":{"valueMac":{"type":"Buffer","data":"wL8GBdPYPXNxTpSP3a4AUAFyK8g9T7ZB1nN3WIz3haU="}},"B9p449JuCEVrDvrB8RoIDxdpe2lemJ8Sm5lua170OO8=":{"valueMac":{"type":"Buffer","data":"NiDzIdcWyXFlRdNu/pLFbcvQR1yhkH/Whe28UQ7fkt0="}},"dOUINRQkpMHi/qEp/ZLKOWYIsRMVY3UaFC9xx2KXMpo=":{"valueMac":{"type":"Buffer","data":"IZC4rgzSl5jGVmGUeFZBAYz7OG78k1/+VU7p7RWUMbY="}},"gWd6D6ZE1QR02CsnKa/1FtyDFKkk8aUIa7svcgHe7rg=":{"valueMac":{"type":"Buffer","data":"pSE61prjW7UtvB+agSZvWQjEBsxfSB5ZlCwmTzK1AEI="}},"YwMc4ovirmYBScKAXtW1Fj6T+yQNWzhXLXJfEnCtYK0=":{"valueMac":{"type":"Buffer","data":"dwboZxCPUZCq6DGeoet3BaH6n3hFi/Hb/9o++k1FzjQ="}},"zA1Gxn9hilHkzqgiP+RMImYAwgycUAPLCkQAW1ktXr8=":{"valueMac":{"type":"Buffer","data":"Be1I4aAPUUvltZtNzw08bRT3kpfiiKu86gZh5/4wpPM="}},"RWkvZAC89mDcNK+tOinSujHjzA+wTEul0BqgJhrpYCU=":{"valueMac":{"type":"Buffer","data":"/OhWIm08mMEd/caffC6jhqB6pS47pI9Ou3hdRrqcx54="}},"J+I3lBWgTVYhzEbnoHm6eC6Bj1go7QCjMUX9BFyGfow=":{"valueMac":{"type":"Buffer","data":"vGImGHqmX7QcM2Cj3zZ7BcQkILwv0IIA4NZvz2tSawc="}},"ZPDTJsaDs0tw2tXxe/KU1EANDq7tJjfvZVlo2gDsoFI=":{"valueMac":{"type":"Buffer","data":"K+QcEjN7jvsT9xkkNLQysH8AhkFIOJcG1nrBMy7QeAg="}},"b/tgB6eNeE6x6zmeMx05W/iXtXJuc6pPUvp4+6YifH4=":{"valueMac":{"type":"Buffer","data":"Zunw4PE+B2EMGkz5ZqUQq3TeqlO38yJVCqLmEb7m+VA="}},"UYn/NU6IJ3Zn9hLqsc9NR64LPqULoPTf/Rd4SMENLKM=":{"valueMac":{"type":"Buffer","data":"t03HEOtmW4yGVQE18ygGk8UzNqEM/CnFpZUv1sgJ/Oc="}},"FmQsBbavpzB9XoncOZ91QyMeNxrDAj1pAAPNFn4wWDw=":{"valueMac":{"type":"Buffer","data":"nRyJQa4DHD4rRihaC0COf6tCkYHzsdtpaoCnjTFLo6Y="}},"YowgCIZBBxG0/73r7pYORSoJEkpfdpwmEvK7jjCYyM8=":{"valueMac":{"type":"Buffer","data":"aGIXCOmkbzhpWXr5PlIXNHQKUSzyB1f7rerd2iA6g8I="}},"rtrpBQPHy2Y658+WX9Oyi+mkYRMXvJCFSFTCdCt5nHs=":{"valueMac":{"type":"Buffer","data":"/RhpxnyRgdFT2Xz5r04B20o+EeU7Yd0NM65bbJoulPA="}},"O6mHYQQx5RUy/BBs0RCqkr04Yb3qhZTTjeTBvRKppw0=":{"valueMac":{"type":"Buffer","data":"h+Zb6ZQzBQ+FZbGQVvwLCWCHh6dVDf4V97O0X+KQXfk="}},"vNK/CkPca5poyrvvx4CCvZNNNbV1b83Hq5dS3le56ro=":{"valueMac":{"type":"Buffer","data":"yReV3VYJfKRJBug0/9ir9gIRvry46IKi6D167AZ9/dc="}},"4kYhrWO8TQ5wYrGWkQrnMAB+RP0nXnMZjJMn3qQK4P0=":{"valueMac":{"type":"Buffer","data":"9Ja0el4MhPobljTm0HlhRy6w8WgWJyroR5L2OySiHeY="}},"OqJR25DcPn9MoctN1vytbdwINhVzHbQWPoz/bTkxn0g=":{"valueMac":{"type":"Buffer","data":"456gz4gWTn671eD2n/lEJ11iyiXYDHqlh1HwDKtQ8Vg="}},"zEq5GRy0MiENG5nFC+LPtT92hqWaxSviTHLy8dvg5uU=":{"valueMac":{"type":"Buffer","data":"zsmvMTWMmqt3+Nq7jZgKVsLxAM57mXMdxdGPWPgy72w="}},"S+E4jwuUCO4osoFDq/xXy+4IhruNFERj8MMzLuqm8Ek=":{"valueMac":{"type":"Buffer","data":"i+vUuxO1ninA/BtMqIfkSNfnA6tWNQgosB7a8m4/ZvI="}},"1pxyFhEpr9VJTDTZuK1F08VHh637zuzKUgCFixzVytI=":{"valueMac":{"type":"Buffer","data":"m09wiVRPeKuiTioQiIoOYNdvW5ILzx88SH0HNyKUaIU="}},"0sKH8Z0zkvd1F8ES7ebp8hUttnxB4yJL6nV0yIshAPM=":{"valueMac":{"type":"Buffer","data":"o4E0wLY/awWuA291epqc5DmhzN+I3xQc8V7wBU71Dfw="}},"cWOElbEi3QdC5yO3xlXVtWjAVHk7d1KZWtnXpAa7ZHQ=":{"valueMac":{"type":"Buffer","data":"cPTdx6Yhctf7+7tZZ04nbkQ6hTEtykJbT+xMSrbtPU8="}},"/V6MyQ/aBhmzeEk6hbQc9KiQwIWda8d4hjGgMFAkcVs=":{"valueMac":{"type":"Buffer","data":"4jq685JrlyXzjTycAwX8p73jZCwRoGhWamzfyhr3ur0="}},"9VNINDxQQ0GYe9IcCCentCqsHwG4EV3cwDlNAx7Cteg=":{"valueMac":{"type":"Buffer","data":"UY0P9ofQxIvHkaqcuo1ZHdTc/f812S5NKF4LFSr526w="}},"4G3Hp0TQYad2+phwbmDykk3MCuKMrlSJWLZ49aoQGr8=":{"valueMac":{"type":"Buffer","data":"pwcoeIS6QwuDN9F0Ev++PlFWmf9GVoFxjbkuZdToOBs="}},"4r/s9g/sWXpgfDNyf1zPhZNnYUzMuuldNG/KMBsBLWQ=":{"valueMac":{"type":"Buffer","data":"bGW4jz0bDNwn0g8Yi9uqUE5XTMcDMw1WIHyHHNQorTs="}},"sNTQy7FsJMNzHV3mcPVu4+hlQ30hL5v5nJOW75roAu8=":{"valueMac":{"type":"Buffer","data":"qv5Xk72DdZOtlbPtiiGRoLiR/v1qJS8xcozBikCJomU="}},"u7h8Bdkv+G44bZVdu2Q9SLm7VJSdwdWwgh1HciKOQGI=":{"valueMac":{"type":"Buffer","data":"xcD0ab39Qros7VlnEkD0LGsP5kD829A3yBgv/31PUEU="}},"DgB8ZK9QblDntMknbPT9zBaRvywKZiWAnDS3pjD77Oo=":{"valueMac":{"type":"Buffer","data":"cdmzVjtTgA4C+PKdNZdQ1tLetzwJDD9vTCZM5inAwkc="}},"YUkxag669T17buGX1xhJynXiMcFDG87NbwEnZpnNX5k=":{"valueMac":{"type":"Buffer","data":"LZwjnq/MhTtitqOIh7ybW85+JnSe9XSxAImvfPv3i6A="}},"sq2W/VuacG0zPgTek7U/v0xemba4WWF08CspWY65mIY=":{"valueMac":{"type":"Buffer","data":"uDiNAe2DxU3PzOFkqvKFkWR5z2BMEmMXZP0NV/HwfRs="}},"d4GmbRnpqngoaNpHaIncc29dHHkHQ7uI7amsd+KVhWc=":{"valueMac":{"type":"Buffer","data":"wkqgSIgRzVuytY9QPIcALp9AsBY8hLwLhNAQmvATLOw="}},"qAsqTombb2YTYsRfUqDKoPWsw8hX/QdTFSXStjvbALg=":{"valueMac":{"type":"Buffer","data":"QWh3WFnINws1AvLldmDLZuw9dP4247ldPGaCn8bhP2k="}},"xXViqJPBnSTUjXP348jB77jM0IpwgV7G1jS4fCwndqY=":{"valueMac":{"type":"Buffer","data":"tBHBAGFlPlJgG8nmMpF0yGabfIY48j5Aossi7WroMBg="}},"Y72NnTp/U0b1H8BM/phoAIovDXHTURHQHOrMPrn/Dw8=":{"valueMac":{"type":"Buffer","data":"6tyUEtrHvvHhRAGjojuvTYWzwBqp9FVLMH4BhdS1oSU="}},"k04g6J7xfughr6sPQ7YJWZRMa0LeN8pEWFC3oolR3yM=":{"valueMac":{"type":"Buffer","data":"XGrbHmS/uTETN3Em+OdVMgXHwRb1PF4xs2qXg1Tke3A="}},"drd4DiA430FQQ5HDe7JK93fCEBM6uVvcbWfY4jS6REg=":{"valueMac":{"type":"Buffer","data":"TRehb7gPMXIWrPfIDXH+YuOaO+2+/ESoMlnqGG9EJZA="}},"9JZX84k8Ycwau3ocqDexVI5qjWcSfOouXuQ58d0vLK8=":{"valueMac":{"type":"Buffer","data":"WqroDvXpd2XrZdvvx6Pm+TdAY3CE/nzf7pahSOTAHEk="}},"L/Qd9KchHj+yI0VMFHJw47njyNEaEx9Xr8Lgr7eOy58=":{"valueMac":{"type":"Buffer","data":"S74PbFJaHHHGOmOlExm5b5QVINtKySsEvABV1R9EWJE="}},"QtBmvQgzm9PLnJaBJqrqB/X4B1zuLaCZc84y2BjWzdw=":{"valueMac":{"type":"Buffer","data":"4sI9ldFHoFIoW3SBbGwMjOPmA5UCuzWXYg8lzz/17iE="}},"mEWpYAO1lBgT/hTPaUJndNI7ZmapjFcvPRWPQZabCk8=":{"valueMac":{"type":"Buffer","data":"lf22oaLdGekXAozgCXTNcO9bNTxygfsmNQAN1GkuF0M="}},"3YpLLk0ViCzywH1W93tHr+20VQJl76C+D0FJfEOffOw=":{"valueMac":{"type":"Buffer","data":"GlefXbN0i9phtLhDisGH0pIwf2W/8O6BqjV88O5cpdQ="}},"BGOhjiJXlOBZDaoAKdg+JxRf6sbdvKgSqLTQyUfM5Ak=":{"valueMac":{"type":"Buffer","data":"OUTp2aruN6l2TWFNNC4DuxEEL7nONFkdVnxJL2bUbWw="}},"OnoV22Ih9wxUKp3N0shpcAC9r0XHsIGXp1EM0cLp6q4=":{"valueMac":{"type":"Buffer","data":"NrrIq587T/XAodZGSaXJSBHJuvNDnvV6qd6J8HN9v3M="}},"2cHWxn/4289rkMf+kmQtNTfwH7jcZWdHlV8Wfv/iq+w=":{"valueMac":{"type":"Buffer","data":"f9w1KCC6pzuz7RlbTDN39RUbRM24vHXlz1SBALEDiGg="}},"wE7x8LhNPeXIxicxqpEZEXQSit17yQxQzFLiWskmCQw=":{"valueMac":{"type":"Buffer","data":"PBJuRNTsLNrCghQ24O1rE1tY2H+QwD+j7yQb89cQDU8="}},"vIY9bUqUCBv7yYi8MTNvUVEyyd+U3Fx5ybIEsJTuQOc=":{"valueMac":{"type":"Buffer","data":"74mbaLLJpVZ01RpUdnxwDWo8O7RESAy0WF6p0fM9yRY="}},"SmD3lBL9hByjTYvUclZL6uvFMu2a7vm0GRm0HhIwhno=":{"valueMac":{"type":"Buffer","data":"OMBzfCN49dhcFudk1T1ZQzhNGuJsfEHVN8dgfLqwus8="}},"dkUMi02NtweswJimMkpx3M5PiSjPmOHjw0QdjkeKdkM=":{"valueMac":{"type":"Buffer","data":"5US8Kl7+jYHuCFXpXt0ocU3mcvOy4+cQfYGeghsXXE8="}},"EqCLwkAtgP94PQccfPpfD3nFY3koZEWyM08uy7Nor7o=":{"valueMac":{"type":"Buffer","data":"II6g5sApAndsuUAKltpUblMEKdnWEn3LwwXYYc5Y1OQ="}},"QKbX4zHUQuIdJ8W9kVpNF2SsjuDaTZqtZ4VZZwtmCVM=":{"valueMac":{"type":"Buffer","data":"eSBmCdvym0mWeu48Yu+A49V3gXfAtwmqBVGObmN7uxw="}},"uZhmmb1G0IRtY418VKyH81+HVOiBD5ec1l9Gsbf/5ok=":{"valueMac":{"type":"Buffer","data":"7RslRK5r4enqFcIrTqijEQErSMpGLHq9DMnkQ0WrR3s="}},"gyLPtrhZw3esFtOhwgEyn0xZZWqyaXw23D0kyruzGUQ=":{"valueMac":{"type":"Buffer","data":"73k0wjo8MalRmbCnGcPDvum5ZsqEBd81f2/y8J+Up1A="}},"Z3ccmfPM9eSG8wgDhmvvaFPoTAbjCTuu3lTfFqxlufc=":{"valueMac":{"type":"Buffer","data":"QW3mWf72ZjAWAd2iXvlSicewFoCdBGAsj5ZYnb0B71E="}},"Iah9Oas+i5ivDA8KZS9cEnUOY3VRPWyMZuNoQOI/wnM=":{"valueMac":{"type":"Buffer","data":"gPuDzgV6Gr/ZaNubNLv+EWfD/scXrSlZtuBgUpQCJ5c="}},"P0LULAUlRfanRSG3w5Cu1kdrS7bEhyQY2Ph/zgu6wJo=":{"valueMac":{"type":"Buffer","data":"xnSAUb24i5KGpSvl8gMG3B0vNb2075g72KTrmNBQShI="}},"rWfD7wZmewcw4X2r9c6LlMZfQbOBgbI3HRrAbtqOCp0=":{"valueMac":{"type":"Buffer","data":"F2c5JMdKgUFJ/xoNWPI73E7EFtpLNteonz2uWPtVUWQ="}},"XJK7tZkNp7HibJkeL05bV4Tu+xYAVTdmvYyWmbVQbDU=":{"valueMac":{"type":"Buffer","data":"Wk+QgaeTh37+PeZ+FXaNAWYiYFpQg2fhKW8m07DlRqg="}},"G7WEgcPZY8LE+hfDvCJaCz8rRR+V8sSz/c7kBDotOKY=":{"valueMac":{"type":"Buffer","data":"ce5VZdrdfgCquPo98YsZOmysIhm56F4o9/tBXbW8uys="}},"QcmfUgoArdULZpoY60YmJqw4J729IkU8hg+sOHPnqEU=":{"valueMac":{"type":"Buffer","data":"MrcjoY3RD6UT1qRVzsbKe1Re2F1SqxLopgBZfywABH4="}},"muNDkntIqyQrbv8K/sBmNi0T8YLNVEgIHtb48n2G0oA=":{"valueMac":{"type":"Buffer","data":"ocUUtGsM7jijgvqnMoLlY0D2RqRZNcs0Tzaf9nVUcew="}},"xracFot2kUZL61UYEfY0KR32K5fh+DeMyxN6kmJEkis=":{"valueMac":{"type":"Buffer","data":"e9i8Qj2pbn/HqTMCnjEN0/w1GDCJ4l30+B+7WoQf/TU="}},"7LgxsZLvQP53xJfRsZdI6zNPU1tlrZc3bo52QeaGWM0=":{"valueMac":{"type":"Buffer","data":"Vc8z2ruVgx5bTZLNTo6Jt2BRblUdky+Nbs0UN/lCHhM="}},"X8HWoJ5KG6n8ZfRAsAT8AjNT+3hcC/RoUf9ZcrjU7+s=":{"valueMac":{"type":"Buffer","data":"C+C4h0l3dOwVSwvVZEblwOgD5BCOI6BgA0JnCtVa940="}},"qFKa+L+A7N0Itg+kHYuX5oSdG/dM+rA9mTDhcYuNdrA=":{"valueMac":{"type":"Buffer","data":"637BERwwZtSiq/E70GKutwr8n3e3p+JiqPwXqdpfETg="}},"cMXGPM5vH8LhK4mLS3AGTF+oQJsfu9W5nxQCtUuJHqI=":{"valueMac":{"type":"Buffer","data":"vZ5gqXHwJgTMudbS4nysKGkRWoegalTj85SDkdPGgUc="}},"XJEgDULlzBbQwIJfgyHcdirIoSgVvWPcqvUGe4fNj3M=":{"valueMac":{"type":"Buffer","data":"Nqjle4VaB+Sn2MeppWb3c139hHbgT87eZAaLpqrYF3c="}},"LWkhwTadT2Ixp//DDoljbIoka6c4iXvhLvDD7F6N7mk=":{"valueMac":{"type":"Buffer","data":"r0x01+87R75AjQu1fvz52pzhBM53f+8JVeqFNucXGZo="}},"XHAM+gM1Jp6GsoGXGnLLykzE0OyqvQ+anbEGJ5RvX6k=":{"valueMac":{"type":"Buffer","data":"QEhaX9Eg9zY7aBouYyrC3DYGUr4eCeiiWbQGvrFwuc0="}},"UT45p562kDKhU9orcsH8CkNdsJwInCYnajZaTes3kPE=":{"valueMac":{"type":"Buffer","data":"BELlZ9Pu7DqJ4ns6cpi+xVymjKmmfqHEYBOj6scLnn8="}},"Z7XBX0gEojPlmPeYDNaPWQIMcTyMnQkyA8ZYoKQYuVk=":{"valueMac":{"type":"Buffer","data":"NwsHn7kVCu4i6xxP4uf5Yr6T8YnOYRsUEeIpTRGCBE0="}},"IfXHZTqc5H/YPIKmLY2A75lIoNiPsv8wyy7VOXXPc90=":{"valueMac":{"type":"Buffer","data":"inMMzYSS9UwouPxLJma+4JGkBit6/kuTrgglPCNK514="}},"NgCtSD4C8PlaUJOvNTN/wvs01r8KFv4wfJTBxcB8QQs=":{"valueMac":{"type":"Buffer","data":"0o/79JXV2vY4Bicom4MFZWDITvHB2llaP4m20Pd8JNs="}},"J9vaZgKfArOVcGc/RuU5q88H3hNZNX0dkVyst0iVpGw=":{"valueMac":{"type":"Buffer","data":"jw33U0PMe6QTi6viIbB20+t33nYdXRBp2phuxbzWwaY="}},"8nIAWF5zMgxOflQbZUjA1DEVPzyuuLdLqGRHFnCkrNY=":{"valueMac":{"type":"Buffer","data":"nEIF0sNnIn2yVM9Slsm8RSnUp6QPWXTXTjdlsmkEan0="}},"lfzIkuNKhz0mfKJMt5oimgCiez1oLF2TMKw41A9O5d0=":{"valueMac":{"type":"Buffer","data":"mqukE5UM2GAeOvThyRkrV3ykPIfYI0LSDtxmRWRcG2Y="}},"klUraKF8Xjw10Xw7ONiu689MMISmjcPkoVbgHO9Ch88=":{"valueMac":{"type":"Buffer","data":"RSsIkVm8LBXxoCSrsSGRVPUM92iXNzeJf/qs7I66Ik0="}},"sCOyncs5Q3wQu28Hm/uN+2g7e1GQxR3jgMjLRZiocXI=":{"valueMac":{"type":"Buffer","data":"J/JMnN4HelLy4qLdasOs4EkXeyLkMV2SKO8HeFY+JcQ="}},"bg5h/PBQ+2w/t0rXDnXYAvwZgJc1fNns2fRIVPqAWZo=":{"valueMac":{"type":"Buffer","data":"OzBL+8QOv/+Ex7UNK9pj9uTMwdjDV7jWueqpI0zlSuI="}},"0aGy9i2PRTHjPamgnUHtvi6dzXtF/noLmRW1G5siKio=":{"valueMac":{"type":"Buffer","data":"RbZect4lHTLazMuNJWxRLTvCyL/83KS06JuOeIJnT+o="}},"2tQ0zVSyO9IFwDdrnCp72lIdLUe+idfXyPk+FHXYl6Q=":{"valueMac":{"type":"Buffer","data":"M1xyNE1Sciyx46H3CLWX6ZPy/hdmYAFTARe5vJR/eGg="}},"N7iCthjFN2rutMVOKLtSunuv3UXJCBN45uf3ourvG5Q=":{"valueMac":{"type":"Buffer","data":"1Buejb5xA/JK5uLMhO50mD9PzDtIkzMUs1RX/nzVZXA="}},"TMoKgEhOhtqFqjpNg2D+M7J5TKUWYWFhBlTnifWU3NM=":{"valueMac":{"type":"Buffer","data":"q+7MiO1wEyqpkFDSg2yxwlA0FGBQX7qDINgzM4FG22w="}},"cAAvmCQMOcISc8JMFUqELcoGiJmTSgG0rqul0sg8MeI=":{"valueMac":{"type":"Buffer","data":"kTSFVAey7Rp90mS1lODCaVHD3dMv2MfzY3u7l21o9rU="}},"rL2WTM8rz96eObqQVw6fF3YNE82CzfqL9ddIixINQnE=":{"valueMac":{"type":"Buffer","data":"/QedWwdzSyJmoj/5W5O3bS04BzPB8lFJ8/bJruFl6QI="}},"gB8XpAl1d61VmM5HP7Nc0lOZwd6CWuCgRCUvmUYy8FA=":{"valueMac":{"type":"Buffer","data":"th2xO6KSKf9JVp31d9C/6POLBlMWxiSlOm5Iz2zQmkA="}},"ps/rUHp5WXOEr+zbAaeN/EBN44kR91B6y9CYJOjv/b8=":{"valueMac":{"type":"Buffer","data":"WQ8CECet1Shy1Lb+wPws8onN2+xVzRHyw7In/mKs8v0="}},"vLLMySw5nkqBJ8CAyQCjb6pSQDPMYiW8L317GlIm4eU=":{"valueMac":{"type":"Buffer","data":"ZYnKLu1JKEhH2o0chse8U4SGbpVlZvK51RZH6FkOZkY="}},"0BR3uccNLWgMZlS0Gzr9/FSIHGzZN24T0rslEtoefBI=":{"valueMac":{"type":"Buffer","data":"6axZtMv1yoAX84NCdR/UhO9CdbL1XuJ45zTT1j3y9IY="}},"LKcHDeJiHv9hn2/DiltKsvYc/6GyCkg5aduqHqo5xC0=":{"valueMac":{"type":"Buffer","data":"y0vNiLvY+LwiCecnWtqhJ3z2Vkg8MoUOqRxweioNptY="}},"MKb3dQ2d/U+tx63sh0irQmXLsmlliJ9xKay4BjbCrlU=":{"valueMac":{"type":"Buffer","data":"r7xQ6xBlzFWVMQIaFcv/LnmkCEweoiF+sPoEXwKiYN8="}},"cAtXzE/sCRf6Ai8m0AXRcFl6mEENR6axNY3QP8T8g+g=":{"valueMac":{"type":"Buffer","data":"1lrjc2o7tbDM34yGMWUDKmIlUuwdX9B+jS5cvEHbHNg="}},"0rSKLhE+dFVBb/3XLlkGt0S5WI7G74RVXMsLdHZUUbc=":{"valueMac":{"type":"Buffer","data":"CqtEytpC5QBzFOZjnTS31/hkDB105P0o5Wk+e4j1rIU="}},"RyhwPhPzPUFKjioNjD81Hbhq6Q4VANCXYOqfYVWx4Cs=":{"valueMac":{"type":"Buffer","data":"MiKbkYDp5PlowC7cSs4HT1zSWzX09YBgnBJ7X3QWmT0="}},"peILdQejRUvu8CBqW+koBcG22iE6qZeEDORkPeGYUGs=":{"valueMac":{"type":"Buffer","data":"cnU3XTPB8KsZ4ViKGENN28p66PKH+qe7obklsXWP4C8="}},"Gc5973ICVDxlaKEow2rT7G8PADy7yxTvFBG9ulAPyU0=":{"valueMac":{"type":"Buffer","data":"kZEfzWqmU2bEXvUIOfGKvF+gJccF67s12SmCrZY9XB0="}},"eSVWcfRH5j60tisUIDArYWdtjOL6gsBJlT9w/CL+HlY=":{"valueMac":{"type":"Buffer","data":"AIWhnq4vPktVoNYsPeBCI6Sm4XeAOpU6RSGP0J8KP4g="}},"kuTmIu5er7p2SVAL1hNVdzTf9rfILzarA3n90XhsRUo=":{"valueMac":{"type":"Buffer","data":"x6bWFbOSMNPf+1lRnVAuJ16uZky1eAdhRK68JjFkCyw="}},"brtGHjyl2MTsDs72V+EZVNpc1Cc5QFb5uuNMJtN2Bog=":{"valueMac":{"type":"Buffer","data":"H6/d4JTNhRCqSk6/ILsTb3UbV8fqxO69/JmKcuZc8wg="}},"3/tYxvBCA2GgCo1wgYbYpGSim8xFPFuvXHahRsuFgAk=":{"valueMac":{"type":"Buffer","data":"QGR2PfHC6H5ZJmbkvR9QVBRz663PnE9QUsBprXMcXNc="}},"JFncV1u1z543eIrI3/XyzVlEh0hRTpUYS4SH+pzFMX4=":{"valueMac":{"type":"Buffer","data":"Z6gi09YvcdnyKb624FvI687bSX7acJvvBluujnFKOqw="}},"H6N/tuxv7NG6g1JgQSiuk70ypbRKMxzPs53eBjya1ZI=":{"valueMac":{"type":"Buffer","data":"B1DKJAFOoe75YJDe8codU4rJcX2e6nIJs++QYyftGcg="}},"e59ziyj2hl2apkQ2xrRvrpKR6Eo8C28px7euptG4pyM=":{"valueMac":{"type":"Buffer","data":"rHGz5sO9YtYoMvFqVKiDvRNrhofkjeX1eD2A9oNC4ZA="}},"2CckWq2HrnwfyHu3LCUX455PM5pxXD0MdBgacoPs+Io=":{"valueMac":{"type":"Buffer","data":"vuBGHWjqnB5kiA6u//jwtzyyIas5nN1VRrJfVv2U2Pk="}},"KPCOYM71sKAoGD0xc+D0GL+/7Vs7Sa8ALJtR37uAOaY=":{"valueMac":{"type":"Buffer","data":"nbevnLFz+9PiED2B/B2C2jARlVe6V15P2vsnHeGxNO8="}},"xLZ0qLYdRSarLhrAjMD6D5l8x5g4mGENEVjsaWoKriQ=":{"valueMac":{"type":"Buffer","data":"gy7G/MlE75BZR7EqmkmFzdvJo7p69EA2MSb00+U6FX0="}},"2ihthTm1CsxcdDn+V25c8gpsXhxwtuxTB/lxs9O69nE=":{"valueMac":{"type":"Buffer","data":"mr1Zh8rk/YsmemtjwY95ZLi3CVRn3S9hi8OWDLjC5RY="}},"tcA6yctRKgNRpOphxM2/bkyM7O6lGKQOBxHVOugZmt0=":{"valueMac":{"type":"Buffer","data":"Z6hgUCe7JrRjPLMZnKeuUpPa3sHWKTDZ2+rtpO02PQw="}},"X9GBriukLqPayGquYfDsi44gKYP1kxtErIeKuQ01f7Y=":{"valueMac":{"type":"Buffer","data":"cnEZjPgPcNzp7H3n2b6KXjZygEym8YKzqDCO3wlHyts="}},"kOisrZfmUvEOlj/uCln4BK02onHsNIe85m5PmFeHDho=":{"valueMac":{"type":"Buffer","data":"mHbDtAuW7ZZeJ9pSmMD3SflztAfz4kDY4FwTLU/GLMI="}},"bjxEizdBQjNTAP9AfhE33bbCrag0H2viY8TCAnFY25k=":{"valueMac":{"type":"Buffer","data":"6WXfyX+uj95N3FCDBKO8KF8gbd9hk0SbS5jCWrNmVg0="}},"EA+yHoATZeBX4DcrrH21Kj44TTkAHvW7fyhr9oXkWpo=":{"valueMac":{"type":"Buffer","data":"I2zf0ZqZk3exqUsK+kjBGwpvFSRJvkar3plDAg0fNfo="}},"WQUjZuvdneYaWyNyNTIQ9adykd9NfvFq4FLKf1gpjaY=":{"valueMac":{"type":"Buffer","data":"gZnJwqmYpAN38+CIprO71y4Kuv03xs0qmDOUSWBRLu0="}},"LL8UlInERRQs6wBo5ytd3KH4n8qQ7OkqEklXCAmudVA=":{"valueMac":{"type":"Buffer","data":"gs9tX841UqCGcg6bDVK7PAaX/TmkMPzld8q3LhLOr50="}},"271mQYVgZSHzt2G2LP938TYpP1A0LQAYCrPjxBebwWA=":{"valueMac":{"type":"Buffer","data":"qiYrUD23KYXA9SayxDZ0yWE+NmcZ8FexTuScgKlfL6E="}},"SgmHEi5Q5m9baJRl5MipJUY0D4we4B2W5007qMV8RGE=":{"valueMac":{"type":"Buffer","data":"PVxEuvjKHoc327QsilML3ZCoro9/Loy665SItpQtSbE="}},"GM3+7etlPlI7T0pDHOD9l8h54nHNnuPW2D9p2ahLtPQ=":{"valueMac":{"type":"Buffer","data":"rDhlk/JO+QdJKUuAqKkffinHacf9FJYawPFG17keL1M="}},"w0N24tkJO0rYCUTB4vzzjyov1GxhDjd6iSR+VQOqMIU=":{"valueMac":{"type":"Buffer","data":"affmw1e7vN/CP9ZwCdC3OWEc2TTZDxpWNXKkSDoqRII="}},"McBtihwNZ5sYYqmVaQyqVCcIORv0KUgcU2qveHSeVmk=":{"valueMac":{"type":"Buffer","data":"JzL8hQj6KUlwe4UkF5IBHOOk/ZB3u69ejxiQ3w1UsEE="}},"H+UEW887+ZBzX16iS2P7ymC5Hi5liTV/Ntox4wpeWrY=":{"valueMac":{"type":"Buffer","data":"rDIrRsPp0/za7zQep2hYeLCW9atUcWWsT38Td9LdFz0="}},"BwO//C3CiGFjBScxQ1uOYvyJshkBCDBSNXHEPI6T3cE=":{"valueMac":{"type":"Buffer","data":"0TpnhjVkwL4dFKGIPxuEKTadQW8FsRj1xglK8zPjhQ0="}},"uwbEArfQ4mswcHJDm6Lm5AI/tNqQCRWHy5G8yR9XXMc=":{"valueMac":{"type":"Buffer","data":"hp9iTK27/lKwpX21vujnsw58bVvNWVsu3grb+BFfY94="}},"ffTql+YpjwQ7j4cRSwmUq46oc9gZSt62pUcKjpIfHYA=":{"valueMac":{"type":"Buffer","data":"XTdEeuBcnzGZvWerFy00cOEBQ3hEJKJxDMZYtCGvK2M="}},"0D931TxrSYVPCm7ZnobqAyJK3CPNBcY5JpNPbfM4hnk=":{"valueMac":{"type":"Buffer","data":"O4bpGHxsTf/GhfCkgzgUGa58bCuZzTOMV+j4Ra3K0+w="}},"GEnlp3SHIDW7OEePXe8916xy855iGNgJ32c9tnEmugs=":{"valueMac":{"type":"Buffer","data":"iTG4J770dBd1h8D6noKNBiByU5PbqvOKeG5jmj8UZXA="}},"5RROllTPGEnYGAW5AagdsyR1EaoIpG0wEq4PlsZfeEw=":{"valueMac":{"type":"Buffer","data":"we9FGqvZXXO6TB+dGY//bT0kmBp0c9inTpWMkypImr8="}},"2ghQ4gEUOkFpgLa/HH4ZocCJyocQ/dlhLNLunlKYHK4=":{"valueMac":{"type":"Buffer","data":"pobppYgma/9yonlQYJ+q4hv1nDrSV5ECH9T5AxPHNQI="}},"baWUqtJ2ovMDFyC8yPnddX2s1gp00fCsMA+1J0tFbKc=":{"valueMac":{"type":"Buffer","data":"E72+oDs7KMXL8VjtfUfxR+L5uV9kVp9xg10DK/Zs5A4="}},"DVm2va3p+FWqD/V96D5ezMBHwm/057wA19QXrpQ+20c=":{"valueMac":{"type":"Buffer","data":"VBB9Lb1QXeln4QNHJzZLIVav+/Xpb4Mrdj89VnKhNPA="}},"DjuqSRaN4Ecs2WfvfBdByIqmjdQ8RxMVPPJv4ceEHB4=":{"valueMac":{"type":"Buffer","data":"LMEBtjn6g/qSWnlMhWbbiZCBXxUW08ATw3Hg8Olllg4="}},"/17Ev8PZYvtOiZrMdUSfeo/pLbjidJpnVPEPhnMbnM8=":{"valueMac":{"type":"Buffer","data":"8CbxN7+nir6g/telDM/espln3dDprZ9PhUmWwBKzIiw="}},"hfttjn3lpDz5NvKy2yurPpXMwL9HscZG+w6KWMeJVOM=":{"valueMac":{"type":"Buffer","data":"+Xvk4jC4YVDSQiopvmm4tJ96cb2M3Mz4aSoxGd+6Rog="}},"Wq6KNXd6Sh9ReYxDvAVSVh4CV8dJa76LkDUtxCaCF6E=":{"valueMac":{"type":"Buffer","data":"bartyAF7dxgjTNhES9egH4z/+dBrSeTLkeeHwkQdvV4="}},"QNtMj8T5B2ug40iG6JB9tKRmTYvSLKA3no1yBKiHEaI=":{"valueMac":{"type":"Buffer","data":"I59gJsALKE5f4oaP2n2UN/blogi/X/KfgLJelJyNnnQ="}},"jN1lo+Ri6x4Ze9U5UyXkbRZX5vTJcIKfzTmmRKhj4wQ=":{"valueMac":{"type":"Buffer","data":"Tp5Hazx1475icL4e1l7HCemgpp/BG3XP/cqmxIFuCII="}},"hpl7LxekLkuNimce1RFrN9v9PEUouSfgSc2LONplUVI=":{"valueMac":{"type":"Buffer","data":"zk2As797syAFNf8PC+SQn/LeLbeh2QDm3ZTMHDjl6H0="}},"73H36nBzqPHRtYR8Hq7mKQ8AviQ73ES6G87RYupAvzo=":{"valueMac":{"type":"Buffer","data":"qLpUR1lM01PRLxx/DsKCZzwksCOulhlPCRoBTPsM6lU="}},"qyIjisqnhCgEJo9wyAx3jgFL36TxJwbsVZpryumnn3o=":{"valueMac":{"type":"Buffer","data":"TC5fpqyQ5CagOFtHfJ0uAt6bc9hsDgkuF60HO4Q6Fko="}},"T6QGnNB1Ebp97dZegW65w9frvo3qb9RUH4sY/vu8/58=":{"valueMac":{"type":"Buffer","data":"DJIH4X0nSGXXSgiQ5TwkRgerYpqQWUzz0BRT/YP7TkA="}},"wBo0P9f3P0RY6C1DWfiyYW/ZDUJ+TwNGEeI0G7IYTEc=":{"valueMac":{"type":"Buffer","data":"PxzvCZPmIrOsBsQiLHhkF/ytH3eT6rMRa5ytjXd2fBA="}},"cXC1SOQlP7EEtMrOUj4LfVyfGyv3fGu/fTR6HqMhJNQ=":{"valueMac":{"type":"Buffer","data":"D1jxie/Zjq4NctwKs4iGcBETrE5p/brCJcuWXCpNTb0="}},"Io2wt5gcl2Yy1AGL943w3bEBA7gehyz+5qR2ogjZ2j4=":{"valueMac":{"type":"Buffer","data":"VqPM1kzdC0FJdZi9oDMBc7og3Rt594Y4n0WDn3oPFBo="}},"DYm1bmUsOjWmkLsZnPr4DcNQ6XlX5lD6G9mGRXYFLBM=":{"valueMac":{"type":"Buffer","data":"a61puD8SD8Zl3cCd1nqM8OcvY1U6SvNx/iYKlbNZ6iQ="}},"KlbyK/ymhoZ1kl6qDV/+xLa3KZ60Pub4qXFoTQBwyh4=":{"valueMac":{"type":"Buffer","data":"gREaApCJlKldlqska9qLAAMYwTqnSUYDfohgDNQxAe8="}},"vATXWZ1SANMl5hr3KXgQKhWtiJyUOcsYEQly2J6VLWE=":{"valueMac":{"type":"Buffer","data":"DZqIxWB8ZHiCcegzVAptqXmWbuhZbo3yifGoBc/DB9A="}},"q3+g4bdMY447Aq1CgXMGANHE0QBQaUT/JI49W1dxdfY=":{"valueMac":{"type":"Buffer","data":"nKOaF2D9LN37ls+AeoLxzwa1gH4AbzWBbVrlWzwh8YM="}},"19spHZ13r3EChZzmoMO4KnOfkJXuYZKkYuGL6qyR8fo=":{"valueMac":{"type":"Buffer","data":"9M/yYsOU8SYdfPApHexpZ6edDqSR7ZM+ZbbfLpbOlcU="}},"vwbrNoEtyS2RooklLmEx/BS/FdDideNOqnyBtHgkzUI=":{"valueMac":{"type":"Buffer","data":"V+uE6qW4/pppORQc0B7qspVohdjMeYcr8LFQu6wr5TQ="}},"TXZZjWZp8Z7vnSKNvsueB+zgOuU9RlNucsLnoihm3DM=":{"valueMac":{"type":"Buffer","data":"qC5BMf+e6YiND+fSzV9M+wdR4Wff7VKDnI76/F+Idl4="}},"wu8V0dX59687NoMOi7Gu1HRBJu1dTuunV1Vp00KXVyQ=":{"valueMac":{"type":"Buffer","data":"7IM8lUD/dSzp9e+6Ay8c5vqg8ekLNBmMzSOKDzG+GKE="}},"AVxDyytJMN1pTQG6EhWfsJw1stZg5aIjQ4FTuSiU4p8=":{"valueMac":{"type":"Buffer","data":"RNVKKggprwSbls2MgwhyNCO2qUGiK0URCfFR4YONEqU="}},"gvEyGk4LwtHCClBfnD8HK/E6dBAyy0jYCW39ck/pQco=":{"valueMac":{"type":"Buffer","data":"8ZZ+uYPX5pDCIAiYSOOf5OsX/oIYDaX+J76Autu1OuA="}},"oNjohX8cbnYDarU7wOkHGSktBlsUgTr7LhE2lLcgli0=":{"valueMac":{"type":"Buffer","data":"BTxReQLqs6zuviaLfzK2H0lBjVSTY2L9Em+xIZE0S7w="}},"BwhQ7QjLnVEN7AaeI4Sz0gXnq7wgUWJFrxwKlIwReQA=":{"valueMac":{"type":"Buffer","data":"0gWvWpJLiBiYb6HNuFrNwh5/muJIiyVLiHctF2+I29M="}},"qCwrJ0LY/HnfawE8UkhDMteW9GFTQ4gEkTB7C3StcJ8=":{"valueMac":{"type":"Buffer","data":"E5oo0I3N9iVgnh0sPkLKFKyIGMpsHLFOtcAtmSaEYGw="}},"IkBUJGDWFVWCwfFt9HGojkswOTLg58ejbQwX5YPPBVA=":{"valueMac":{"type":"Buffer","data":"gwxv7Wkg+/sFitHBfCnuseagKnrHzkd3J6/UOpyQCR0="}},"V5UuS3AF/H9WwmlgjkRxLRhbOYdlsKjBArD2iCB47zo=":{"valueMac":{"type":"Buffer","data":"I4icGMB/M2mcVBOdfI/JhTg1FYss/DV6ipS+F9qmQPM="}},"BPqTXRIWvZGw1oGUc4EmRATRYD5PSsDRKDeQVqpgXgI=":{"valueMac":{"type":"Buffer","data":"uvqrGZSDVivz4VYGQiRJXBr+Ow1c5HnrFf5mZRBklbc="}},"qldaNsly40lGpEWA+nUM34vlzaVpdbhmScAEgFZGdZE=":{"valueMac":{"type":"Buffer","data":"ANOoLrzdK/Wewamxj4az3rQ8j/cjMOzIEVEWn1i0Arw="}},"yad+wBhMQQ+1dZhm+pa2GpTGkh/BUl/CK2iiPhdzAKw=":{"valueMac":{"type":"Buffer","data":"Cs+s5UVTMACt4mFgH+zvtTfTmNbkcQ+uE2ktXsg5UVA="}},"XPXJUOncqgueGLHms6T/d1Z4Fi9i8fAu8QJrKGSR1kk=":{"valueMac":{"type":"Buffer","data":"yV+gauauhBg6gQ2TaFURViP0UyCgoCtoUXk2Y5b6oHE="}},"35sZgrRiuUPtkG2Bpas0JNpm2BjdJXN5KeYu+cmBKdk=":{"valueMac":{"type":"Buffer","data":"SuN50ieRFBuKlblBTs+B3r1pJQgAgkscT8UfITz3O+4="}},"a2Y9/9pgeWNMCGhUg6QgZ/NSu67aDpJyu0nf4KgLcSk=":{"valueMac":{"type":"Buffer","data":"ReCX8kiYss0s+Kf7JDY/agp0ACW99b7Ymt6H0eH8MkQ="}},"SpyHF1iImJeDuj2d4dB6GJEfc5OtgGdrYE4sZo9RIo4=":{"valueMac":{"type":"Buffer","data":"EwCUcTFl2/oHlR+rmWe/dFCgUEUOBd6ia5zYVx39VvQ="}},"hjvkSHHzqAa4hU025opLWh6h45h9WxJl2UurYD/Xvts=":{"valueMac":{"type":"Buffer","data":"9oGX2tnEjDxG9V8LHDlJa2XPmF6A3NfLiqser1NcPPE="}},"sFnG7yhVeOmJzEaYL6bkq1c4r0WfXxZDDBrXdGH6V2Y=":{"valueMac":{"type":"Buffer","data":"zagLGIUHzdabhQyTI1DUPI75EKC2rUOBDqrNt3tcNLk="}},"ZoScaOP0tB+lR7RwWIGvZkHmHkJiBLtE7CYl94VwAyM=":{"valueMac":{"type":"Buffer","data":"kKpFIoN29VMr/rG3k4wtg2ieg0tbm7anWXAE1SdGKtA="}},"E2QRo5xUEXAKR4XOEtBVT+kGGwTAQK71ppBCKwzVMak=":{"valueMac":{"type":"Buffer","data":"4k0eaI6PpiUgUKahSS4pIDglLqnmNbq+qMT/wUzOmqM="}},"hA0MjYsxegdOKr2d7QKZSopxqFQQzmWPuALleh+OkT0=":{"valueMac":{"type":"Buffer","data":"k2BTJiQqwSN0/Awu2u+E+NDpR5ckJmex0SdiiNfu8Q8="}},"KN6xUPeIo8FFKOAbPMFPe46LzJNhTyiSSGWJm4V5hXE=":{"valueMac":{"type":"Buffer","data":"ubZIe9Aau6uuSZXgIJRp9KZFE9FK450IUuqT17a+Z7A="}},"5BmEPImYpfsZQwG0ebgHyjGMyO7frgqJEvkAdYCl66M=":{"valueMac":{"type":"Buffer","data":"2NkPL/3sPGD42BboFmDMbYRWo6l9t1CEkOh3xQpLIXc="}},"cK7x8ufqkwMJB0G7D3bl+12N8j8wq6CioADZGeyR3js=":{"valueMac":{"type":"Buffer","data":"V7epaYijfOEEMh68IocXvf7b5Oni+WfFf433aM9csSA="}},"/xjKAXJaAr4JMft7Mj2cODhr5IpTSnrPhGYv8jIx9Lc=":{"valueMac":{"type":"Buffer","data":"X7dsBB4R4T6e378n3cbmZtPHgL0z3vltdt2oq+mgis0="}},"g0mMGXwfE20hKNwairwZMZFxzGs9xxbtS1DU6qXlFaM=":{"valueMac":{"type":"Buffer","data":"RUhS8ZjaaeEIxIAU36lLJxAfjRu80b20ZeeEFxoT+dQ="}},"6TDCyzv+LbFUQymEmk+0pCY64XDnlV+g4a9odZitDhs=":{"valueMac":{"type":"Buffer","data":"s9kTqgkxddjmQy9AelR3cDY6VkC/JigGHfEZOlFHDkw="}},"IJehi33mkuRF2OWE+0GXBHr/El+ayLt2urm+kjVYC1E=":{"valueMac":{"type":"Buffer","data":"dWd5dV+I/sSQyvv08InCeDL/fDiz35tVUKFpYbOrNe0="}},"SHYsDzbOGdCXBylgPMhZOOA78/ICtEIBMUxeU1m/01Q=":{"valueMac":{"type":"Buffer","data":"vVwXIPas41RKlxlW9LIsbWFMIYe8NGNBf/Hu740YwPg="}},"p3cwpQ63AP4TzzJPE+jovWaM+deCji8b7CP1QGaR3Xg=":{"valueMac":{"type":"Buffer","data":"eWrVBKVusoeO+OsfIsAA44iqkm8wRD10T1pPp0zZN1g="}},"Fcpi8/BkCwPATyoUmGb0CliDQUIyXhg5aj+FzRdjVP0=":{"valueMac":{"type":"Buffer","data":"RoC+xDyTXCM56dXKJ2eCkcQJHr/K5wbYKdffXfkANjY="}},"RP3My4VQpBCQdXop+so3ZN/hWzFKE/L2Tr4LLyyKbUE=":{"valueMac":{"type":"Buffer","data":"yCAomNbWRjQdpObA7oELVHo4vmEX/WIeWHyPJ+8X6LU="}},"bFlZugqm1ZhJsE/1/BHXh6TDqzYlVOrIHHbp/jr6CtA=":{"valueMac":{"type":"Buffer","data":"EdMlsOF73JG4i999OGwLSJo2YxmsbKj4Q6VFx1njZ/I="}},"FS7BrjVy8Wervgwem+/zNZNKqnUrQTKxenV79DkgrUU=":{"valueMac":{"type":"Buffer","data":"AHZobFpA4c3sA/oMAT9rXcb9HFmfHHW1l3ia8kn1X4w="}},"gRRy0/7MCaKUPxlffqWmV814Z6A2SKrtdeSX2NecQns=":{"valueMac":{"type":"Buffer","data":"mBjAKPOtAC8O8XDTQuyWEy8W7LS1OP2QQ4EuL101MkM="}},"S9IHlSJbhw7zk10i/hd25Iwa0qfBMmoMpVPS9j1sdds=":{"valueMac":{"type":"Buffer","data":"HhrKsP+f4DVL1Qj3awp8NQpd2d9Fur06J1tE0fnbmyA="}},"2etniICLFch5z2O2g+GREOJcTGq/9MN7J42DPifcNT4=":{"valueMac":{"type":"Buffer","data":"1wrtMx76CGupSinw5+LbWhfBAWfALQFmfb1Q/Qj1sfs="}},"Y7cnub5Kz5qSNzQQXE5RNvz+/uF6lsDGyPS1bDq+xcA=":{"valueMac":{"type":"Buffer","data":"TKB7bVuW/hO/46RpamAlpLZ0ftx034+mk6KIif7BH0Q="}},"1EU9xUtoBJIqkmIUozIxXU2AwN6W+vviCDoWdqShoVY=":{"valueMac":{"type":"Buffer","data":"LsV1H/Eg1jLqlmCnBllSoAfaFdVGH81VgZ3YSlicCOY="}},"P2YNmsmDNWOu4T7b/fQusoG6n601MHKJKv07qiJhFes=":{"valueMac":{"type":"Buffer","data":"XO4gGpl7XGXqoE9vAfzRgJdIY9A4L3NCAxJE7jNVG54="}},"491o6bCt1aLtU3etzpbUQ8ImHv61qfgma9IKSH6+oQI=":{"valueMac":{"type":"Buffer","data":"r0VGcrt9dD4sang5kFDgKi4AdhOOkn1nQZNhujhHVoo="}},"wFCwHHi4FXEJ9odfAVTws5aQZnYt97MnhrcMSV10/To=":{"valueMac":{"type":"Buffer","data":"4tVMDE5lgulP+StRpiVorRB1ssy/wNqnNhx7uYNgcEg="}},"+6BSztFCeOXEYCqDG0P3L5cf8o2VozYYBblFN6Q3qsw=":{"valueMac":{"type":"Buffer","data":"p85S8ercMadBfpDq/vDtfYdOaKNzIHs2SNUA2kwD/Ts="}},"Xxa/LToStcOkzkP3WbqFNfN/wBY12uu9LkNbfPQxubQ=":{"valueMac":{"type":"Buffer","data":"Bp4MHpstY38xvHX/e1sjdKootwY9Rjmz11qMOZX7qDE="}},"RCmDXB9iyo2pS0JCCLOMpUhKploxb1DZCqsfFd5b+Ck=":{"valueMac":{"type":"Buffer","data":"aiWkTBj9qgU4xeUOT7+NAmKDZ5jx/9BTrfAoAqoZsOA="}},"+spgr9aazpZkxRRDboYb5CTJVjr79LF1YAH58q9QUYs=":{"valueMac":{"type":"Buffer","data":"lsW1dzDe+FFsWAV2JYVobG2ItYyx7xcbUA1M8mTIyOw="}},"Y135lHt9nW8r9Y9FgKv4f5vsY3UhI1rNFZk98GH7Yc4=":{"valueMac":{"type":"Buffer","data":"RSfJjUTrS1yPC+/MYWXsDRvQOqJlH4v2uq9vCU5+lB0="}},"frBCfUpqlp2ce12pfvnQ/fZclBHozomUW4ATpXCVWKQ=":{"valueMac":{"type":"Buffer","data":"dWc/R0ba8z1TWl0MqbeIe41YRFo6zviAP3LFkdYK73U="}},"XLqS6lbuRY/C07FKGADURT//ercVgtXzcKcTi0bhgls=":{"valueMac":{"type":"Buffer","data":"EAqjbqUpvWDLSQGn5RNXTDvswD9/J0fWhhWUJ/MPoOE="}},"91A79qLlL5O7rpCgy3ZAoy6A82FCJn16qd6Qrfc2uuw=":{"valueMac":{"type":"Buffer","data":"mLmtfqE2hUbUp2h6QB2qH9AOtg7IKP80m+Le18GQtp4="}},"e+GeyD7YfM4qOaovA04gDjp/mr/Fkumla5S1egJtygA=":{"valueMac":{"type":"Buffer","data":"y5KeeXMcNmWnzqrG1DnM5jYZhjG4+Yy9ZSBVRBSItB0="}},"dayJMtvwK/IS9CplK6Yhx5Yz3Q646yeUR6mmHa5sZv8=":{"valueMac":{"type":"Buffer","data":"W/Y/7hHQF7s+JMT0Xvsw3hXqIi/vV8Kefa4cROW1vjw="}},"0wnNN2nCrkxvV9waJ7WIYOHtapNvsYImWAsLqiup06Q=":{"valueMac":{"type":"Buffer","data":"XZzfnNc/D+IskjAKFGWh4k312enJ95UwnZVbPVJXvRY="}},"0WdHh7t7+vXZ0gLmlVRTt0RlEKImdzhinIUvP0RUHkQ=":{"valueMac":{"type":"Buffer","data":"/hSy5NEZyO03dAVLV8SAyIkByuOuhEuQXb/XawkhUE0="}},"+9FTNe+7WGVkrdHlOF781Nedie3I70C3zCRtd9BEkzs=":{"valueMac":{"type":"Buffer","data":"xw1kC1a0MuleaJonF5kTzYnY7a7XhOTZk1B48TmFK38="}},"Bpd41PFMbBhxkw2PKD48sFBCVqArd7Ok/Eb0myaOQIg=":{"valueMac":{"type":"Buffer","data":"GIWnZB0SuyKXQPUzm4qSzsXPFS47P8jotAJF7oYxxnY="}},"4CYKiToTG685UUD9R+q56b83Y9M5x+Dxq0HoVH1/grM=":{"valueMac":{"type":"Buffer","data":"SK57bQ/EEhAU1tsg0+aw4TO90eN53yIwSkRjXhw1nIQ="}},"OE3AVEyYlh3D7+BKgGNN5yS1LJgP98Hr4yMOyrWjNXo=":{"valueMac":{"type":"Buffer","data":"tBFN8BtXQe2c6E7qHdq3pfPwkLlf6JPZH6ZO1GyZrxM="}},"RMqOdc2HzDCUQQe1pZcvCDxaPElrOG2xV9Am1L022Mw=":{"valueMac":{"type":"Buffer","data":"ojm+476KNC3ZBCLK0IWlNETPC1ZsxPMAvVpFqk8BfCg="}},"xfiyxuQ68eIIEEKck1bvry72+Zwz07+cZTtnB1DCFK4=":{"valueMac":{"type":"Buffer","data":"AwD8LsG1xSskL7/Gi3l7qN5ASQ+ZKb5TE35tuPY25EA="}},"DHpBG95c7vorj5sJotZlOYfNmMIcR0/QdNEf+V/9ynQ=":{"valueMac":{"type":"Buffer","data":"3YKN9Bi+leeKcdH8ueTH2W2IZgAIWcsu9QKTFJr2Mtc="}},"xl51grCqyyFtew4S86BXskwRoMpmTI52nKQtigcEnVA=":{"valueMac":{"type":"Buffer","data":"CoBeh5kbokHJWmyPRkxEqoOw05fX3rFL27WgejJfojY="}},"kec09pfI/PcnaPtAsdTBJJ4+N9z8cami1V44BGVYtSc=":{"valueMac":{"type":"Buffer","data":"ipZVpLudNG4h5vbQJZHhzXN+Zi8aQbdFnp4Vo2P5RuI="}},"zMbTO7N5DZDlqNHggDt3Pmuvu1mmjK1WJXkzDa6PAOA=":{"valueMac":{"type":"Buffer","data":"LKkBHGdSh0ULEgYHhjQCJ2JV4f92pn9IKbhoIPLb32w="}},"oXjvv11y7Ce8yP3PDqpvd0/1WwFbXJpYJxW1Z0O7JDQ=":{"valueMac":{"type":"Buffer","data":"vOekovT/bbQiHaYOjMbNXDX29evrYUyvzN9yFv6UQAc="}},"aaB9lMZwkDEYVi83S6Gtp7mUHv57++BfhREL/QwYdOM=":{"valueMac":{"type":"Buffer","data":"ffflertU7tbDGM7MfVN0dcy3M2jyvclzNKgpLsSKkTE="}},"jWJRHlu8klbtWpOtNLPOhxakOPBhzj7cyhik1WpdQig=":{"valueMac":{"type":"Buffer","data":"/bWGQcIQ/NkW7m/tB2H24jYArpZ4CnpRAKAjzOUCYTI="}},"J4h7u0yIn1mciUqU46BXr2+V6hSnT9egzGoVgLM3YHA=":{"valueMac":{"type":"Buffer","data":"PjdZKgAbH4e+rg4D1+w/liCLVPdRNMupokXKvTqc8YY="}},"bru/d+nI/gORgJUPDNPKVHit1C/LUJagOPqAH8vvODU=":{"valueMac":{"type":"Buffer","data":"ggQ4xQ5huiF4LMBOiNP7r6JjskOxgEPcOM7hafaF0hQ="}},"Xxlcl0hUuMa6xgI6KLsPrb5zMal2NSxfQQjwAKotffw=":{"valueMac":{"type":"Buffer","data":"t2c4uBN5DEiJPAPIL0v4JHEMnErawKec/RWpmIAXOhs="}},"I53/VXN8WVEOmwXsP3Iot5rpOPgMo3Wpqkduy8TUCMQ=":{"valueMac":{"type":"Buffer","data":"XrZ8Pr/sw+7JUcbDHHju3gogBiwbsTbeZOpwYUjdrsU="}},"vqdS3KRHuHOMfdlT2oGny3fPxoMePdwXIMufoXe9X20=":{"valueMac":{"type":"Buffer","data":"V8HURiwNAyDLAqDnIANJNm4RTXuQxg6Vkd7sXdLrOr0="}},"9nVLg91dU5G8FeBh39dD2+s4Tz+2KanVLBY1glwXgC0=":{"valueMac":{"type":"Buffer","data":"Aqv6T+IRWLi3Yg/5UnFgxbfBvBYgb7pWzTI3hA3MQ+4="}},"60cOO0mOwTTgsBhFfp+FTZLf4NXriYFzoIrLr8Ac9+0=":{"valueMac":{"type":"Buffer","data":"F92g65lteIcTBNbOzawxkU6jIp0xBIU9wNjIB+wgceA="}},"x1Srnvuo+jzUcf3d1jrCPasRHOQdrQgdPQ7x736n3qE=":{"valueMac":{"type":"Buffer","data":"BF8xhDXl/ftRJ0zkcwoyrwOxRZxj5j/0rkA7NFsx8CU="}},"VRRwE6SYAVY1A5+EazUdt+RfyjCiJ0BHcE16gmQCdMA=":{"valueMac":{"type":"Buffer","data":"mYskCwtAMHPY3SlGIMIa9v6W2vFUuYACqTPg5G3cvl4="}},"rALfNB9qrmn+qlCdO2BnbAckBtUZsJX8xI692Lb7vf0=":{"valueMac":{"type":"Buffer","data":"dYOF2x6PkSegsccUMbhrH889IyMU50jhKf2rRLswdsc="}},"9XGUQ2rxot4JkscHy65eCCzcOIL3j8Q5GlsweK5FfOk=":{"valueMac":{"type":"Buffer","data":"TjCQdklrwDVHJc2VS2ubMB2emZr5vkaIeAXQaxNzcAI="}},"GYOgCjQcUCYIi9eiOc1p1VSzbCn4VKDuigema0xA5HU=":{"valueMac":{"type":"Buffer","data":"YHS0Zlrq8YjHm1VU4pD/F3N4qHbAufZehHpEE1RCsuU="}},"xcggOBlgYgHaHT1UN2WMXl+7Fo+jANu0tcPML0qYp6s=":{"valueMac":{"type":"Buffer","data":"IIikibKRfUpHRpOm+/WpraZE93N8akWqNzAVUD2cJc0="}},"pm4womlsSHs6AYz+yWxeq9Wpx1wo/5Ncp5UxMdsjFo0=":{"valueMac":{"type":"Buffer","data":"6fIyxheDwx7PKpvPhVJ7fmQFnJQ8PI07qCBLjKxqyqw="}},"ayrKjxsbo1f4uN0cW17g0CU+A4mpX4+GXjDuM5AUTsg=":{"valueMac":{"type":"Buffer","data":"oMEcf/kVLbYbUJfNV0DM0TfYXH5ILPcWTb6SF9DvD3g="}},"1RGnaI5Ze8qxJfOCsvxtjqV6K6yNBcSO6Ywzm8tt2Js=":{"valueMac":{"type":"Buffer","data":"wcTLIY7RNJzAfdw2g+XIdksQJDOvFV8Y7AluddecYX8="}},"4SlTH5gRxMjFrSktxZfQJxnMISWKvj3rAfmk+mKixR4=":{"valueMac":{"type":"Buffer","data":"P/l1f9XEhCp2TH+Q+GXurNrt9sxdc6lT3QK7ynftG08="}},"yJx0KA8Y+cYMWWPoEu9iURHh1qHi413Zdb/YLEctzzw=":{"valueMac":{"type":"Buffer","data":"qTbwWnuXC6VDXbKRnqYKI8Nx04WaHEiR9suLnjJJbEM="}},"pgEkZXx2dncvasvTlUiSFbJBg7FGbRpIjgjcuIFW7G4=":{"valueMac":{"type":"Buffer","data":"InI7dABWzH+Sa5Ek/ARQHBggs+OKR9AnBSNdAeTqF88="}},"EweRwapHIyjWrdegQCPQlGfvnU0iMEHacIWRCJ8I3HA=":{"valueMac":{"type":"Buffer","data":"B5rcWcb/1hu//0SRZLI1cVH5ARhUiHjroNYdDDMAJLI="}},"L0ZlhktYnrl03cwx5LbPJurwgCBInO6/bCQLr0O9nRI=":{"valueMac":{"type":"Buffer","data":"e2y/VuTKyzpjIypAXHThZxtRsfIXynX/npTsrCL3yFg="}},"GrM/O5iSkWwk2NV/z1wOGAS52GgLNymQ79H7WduNsEk=":{"valueMac":{"type":"Buffer","data":"wgoi9WBFN1hU6ESP7gl+dB0f+/XAWFbtgkiyAc/SmDg="}},"IZMR9+4dBztI8KUxd5w+bZjvc2smydDocwk5JvtvpfI=":{"valueMac":{"type":"Buffer","data":"fIsiAshvqk5UPdjc98iUX8AJ/sqZgTY01a26dL/hJ4Q="}},"l0rU4apsmGt0HRN6MXLls0g4jTETJLKXkgmVxF7EyPw=":{"valueMac":{"type":"Buffer","data":"1E9iltjzKExO37kgSM3gO+YA7gbijQzyilnpbX45kbY="}},"4UeW/M4h3ez9Zoin3P7I7Nw0uYTHwBP6SXn25TkSssk=":{"valueMac":{"type":"Buffer","data":"tm8hNlyE2u+PJWdnjiKIha2r7281JcZ3wXDGt3/I8Dc="}},"bYHAdP4NhYRG1CFlCsIvjxqFIPpE2MTk01dkQLHApco=":{"valueMac":{"type":"Buffer","data":"xf+vgD2bAXD/MVsq7FydjlkY7Mcgtzvg1ontxJQtflg="}},"4evD8Uc3H8966ibCNFb8q+i5bLJvOAoyO4R2DdBGP2Y=":{"valueMac":{"type":"Buffer","data":"hBrM3KsG1UUme7VeBj/qC3d+ndrKyznnDDo9YsYemH8="}},"D6Zo3Xo5x/3dmST7f2eUD2kJ0Y+yC9c5UmXqXGhudbU=":{"valueMac":{"type":"Buffer","data":"+ymKU5C7O6y290OsiG0l5SzWc8zzS3sHDwMFyx/PFp8="}},"fEQYu6vGzC6iyXTebzw7teRUxEpaRzh0SpDXsM8xdII=":{"valueMac":{"type":"Buffer","data":"HoEYDUYIRofQfJEyYXK2gMyXdUWJ6PYi01IMnFogjbo="}},"7A1GUtMmjfLq7OrPKMm7DSalR2jZurSCrF+YsqOeVKs=":{"valueMac":{"type":"Buffer","data":"T2yJacU9C7jvMdmmJWUPw5+TelhluprNQU7Gz8kxPr8="}},"s8hjmWZk6sKqRxAzCH1lz0H20MzE4LQf1Y3Biej0n+c=":{"valueMac":{"type":"Buffer","data":"qaBfdTS4uLaVGjRJDuwA/WiR9xF8pRIY5WsA30fkFtg="}},"MkH5kPU5p+ctTIC9oXdoVZgZMxu+h4h6qihf6PMBVsc=":{"valueMac":{"type":"Buffer","data":"cmRqD+4MidJLvOVUj1cJ9TA2njOcrbsbZ1YcAp3Q/rc="}},"ne71syiBp+6lqtP1eu4tkgk7kXmTk3XaW5E8FXNTLRE=":{"valueMac":{"type":"Buffer","data":"ElIsE7MPnjXM9g5dc8liVmpKmz3iFfoxZZRyil/73s4="}},"MiuKsy8ug2hsRDUwgKTBCdwypytTPxSjWYwGPL/cRbo=":{"valueMac":{"type":"Buffer","data":"eHTN9H6ulhS1d+5XXgfCo0EloeIEPqLjHYmEegcNiB0="}},"JMo3UwiDL4rBtKG/GyDyGCYYUPPCJWgcHzlkwhGUKek=":{"valueMac":{"type":"Buffer","data":"I9UsRSfunfdsxzUbr6+iciYOcR8m017kTQoOutRWvwY="}},"OZSggCOTp2713ng/xK/HmuC/pTahv4G4ZcNf1XGBXvw=":{"valueMac":{"type":"Buffer","data":"HLTF5ZeCB3Ba/8BwMymPBtQMcs+ojOuWKLDTKmapiYY="}},"2nJfoDIGs3eMLAxmEM9jbZ1aq0po+9B3sv4N+vbYIh8=":{"valueMac":{"type":"Buffer","data":"QIs+UuB+79QdVEmlGemirXk5ZcCSRnljumw66/xEzPk="}},"W0pZ7k1LORc7uiyWMkgrr/tY5mmlYFpBphjwhLFOqKA=":{"valueMac":{"type":"Buffer","data":"9iWD4il6gJomkNxcCCKeaOklMfbQWILXMdF4vWcD0pI="}},"anFl3GPkANy4BTHp+dZfLALGakbY4XqIOrPrrFw+tyI=":{"valueMac":{"type":"Buffer","data":"ChXVu75NWvvM7HtgBarxxhoNlPZXp9kNIzTzK/xTDn4="}},"ZuEOtrjKcwEd6rcB85MJuu5e1VUzeEVt4DXoYV7dN8o=":{"valueMac":{"type":"Buffer","data":"vitgoQ8RF1ZQo7WVC/Ia/M5j/UDQ9qQS18SFPBHoK+I="}},"ILJjMHsdd+n7v8yfaEddlJPkpbwa+Yc0kHPPyF4Kc4s=":{"valueMac":{"type":"Buffer","data":"8wxuBd8Z+D54ue1rJdRhSTWjEwVm2jSgQfV23NvZLjM="}},"T+Op0AgL+SYR+Nt8sJywVbKxoxpMBVoaEr9uPKgbQDw=":{"valueMac":{"type":"Buffer","data":"ued8DqZ+BTovcHN9RGQHu44Iaf0hg71qx9tNUC3PBuQ="}},"Tr/wJ/sdTmb6bPdcLQWfvFNrS1q20bClSsOx3TBvNfg=":{"valueMac":{"type":"Buffer","data":"E7cKby80+ryhSoyLKnulZOXVfhcgjh0bsdfJl9UGSRE="}},"i66ifM/NuBk7nawSPcTEegz3U+HxTzBt9qPzAqUtSjg=":{"valueMac":{"type":"Buffer","data":"17ZpEzNc4CVk1pEouc03MlNlaZTZXNhDl376Y4kdkvs="}},"2aohFhlTFm/Jkc4iaKZL4chc05eC6ve/RpBbKIkXawc=":{"valueMac":{"type":"Buffer","data":"89euyOIxBx2JjJ90M63mUgopEtkqEhnNqzpOZH+u+mA="}},"/v4je8HM81buI1iPYavqq1UzaFnLxXl4R1B8EIvAg/Q=":{"valueMac":{"type":"Buffer","data":"SCLRK9ZnCGxzoqmRHNvSK8vaia64w/Jz2S/VBLNY/Xo="}},"dYyNy53vBsBQZuQRAMuKYLISmAtTTufCF1T584+YnGo=":{"valueMac":{"type":"Buffer","data":"wDi56vSyA8LDHBLzoMVxZ/4fX33c5K+DfVBtasoeL3c="}},"A8yxxnOzK1uDmP1g2XWB7y+HHSup5n6lO6aSnsP4CPY=":{"valueMac":{"type":"Buffer","data":"is28q6Vt39cWaMmne/WSoFCqM2aK6PMtA2BZsMT23Kc="}},"V8pQx+2u8S59K+y5xzzoz8eMJPKERkixF+yzT9bODc0=":{"valueMac":{"type":"Buffer","data":"wA0R1P/OiTbEQgdfSgSiVUJBNVRTodvk7Tw3YICBwH4="}},"1XbMGvHbxKcAiHWd6Rk7zo0qO8hLMGn1mhDkdpoqg+Y=":{"valueMac":{"type":"Buffer","data":"DJVIxfuZIXZ5MIeqPEJ/yWO6Vgo8qvL3JejM1QRCuOU="}},"Qh5++rSmbA+pMUPo9Lr6ZUURMoMxD2N2FwgQPN2frAI=":{"valueMac":{"type":"Buffer","data":"9Xaeo+XErvUAZ5Y4ahP6bwkQn3DFh7G+ECiuwwlE23o="}},"sKNTimWsvGGy2jBEwW5YLWYjJBFE7/MC3ze6G8WHA8U=":{"valueMac":{"type":"Buffer","data":"wW7oE4VHbtCJT/bvu53p7Lz+7Yw/248PTB13Q9dmugE="}},"9IIQysLqzukIslDlLSHWSbRERYCsV8D31U8MGGAW4XE=":{"valueMac":{"type":"Buffer","data":"p6iV0WZFm1NI9hoMcm2zJipn1irp9NHG3SkX9+FRl78="}},"Iy3QKMIKCKyL7DFQJbuA4s5QEarcnlCyP1nkbdW4+NY=":{"valueMac":{"type":"Buffer","data":"YY6ABk2lFlQv/cDAwTE6rX5iPEEHJRy57JRwkGNTSpA="}}}}