{"version":1,"hash":{"type":"Buffer","data":"9ozh7DzxGWY1QotRkQ9lEBH6OuKytE9VpH1qFzubPyL2Lv07y4OxEvb0RbC6p/ikT/GGtfsPc01BU7ibYuRh648BRi498D+rvLP9th+/TtbwcAVuoedcxYU9Am+qTMUO91/3iXFoLkB8QOeiGQZtlcjpaaFJJm/nG9oQOYdwMoI="},"indexValueMap":{"TXW10A/5xRPhqSe5MbigwvKZcQF7kHhTtJIpRLbTWSs=":{"valueMac":{"type":"Buffer","data":"yR3WmJ1ZYrXmoGdIFiGkDtC1mprFVJUiJ4RmIuCV58o="}},"eVblW/xafYex90+1H8PqJMCWET1YZzyUCgecg/FZut0=":{"valueMac":{"type":"Buffer","data":"1QmDHWqybbUp0qimkJTrq8TBVFezkTtODTaf8330aDc="}},"Szy3NoJU3ZKEipvDTvQlN9HavTeyLT1+n0UcfV/zgbI=":{"valueMac":{"type":"Buffer","data":"4VBs6lBn53uucI+qLD9ukTJTQOoR7Ucw+RH8obatOC8="}},"+xnHvJ50gGyFFSg6Ul1bjQ3hwAvfD93+oWIcSdHfdF4=":{"valueMac":{"type":"Buffer","data":"CE2lFb2oVzoHWIKfl4U3osj6SF8q/s83sOmQyQ/Dyxo="}},"abXN330oHAUibielQtvBA6huracA1s1sRjcTGkN0uls=":{"valueMac":{"type":"Buffer","data":"Ln9qTfjAAl9PuaIErVxPRfUok5TtIV6Y6LPEOHHTvck="}}}}