{"noiseKey":{"private":{"type":"Buffer","data":"4KNBIkQT96f3IpL4/9Fv2mpg58wOWvjN/0f+PjkS2Fk="},"public":{"type":"Buffer","data":"1L/cJPiKGFJ9T2ePt0xHWW9WE3jr3a3ldBbroYpl2Bo="}},"signedIdentityKey":{"private":{"type":"Buffer","data":"KGNYifIIwD1YhpkkKuI8rs93D+smSWLhmi5HizeY0lw="},"public":{"type":"Buffer","data":"IeeGeiGN3w7LuWlZzoAIkoZaEPAi3K0U9dRobcHj7EU="}},"signedPreKey":{"keyPair":{"private":{"type":"Buffer","data":"8BdCVRbUxIxmQfvjk/e1NV59JXYqKi3a9RPOpOrE/Gg="},"public":{"type":"Buffer","data":"WE91RuyVAqncV1Rub9lBwlR29/qJ4wGOWQtTnqA9hyk="}},"signature":{"type":"Buffer","data":"6w9+5Q+DDzu5PtwccyUnWEwdKwEORvqqwVUgyHAjdXrqAtSO8hVLhJphekEZXcTa4ta6PBKU7QiuJwgH85S+iw=="},"keyId":1},"registrationId":47,"advSecretKey":"0d7pNdgXMI1iJdXH81LWWfeOlfyPTQmRXAt8L+schNk=","processedHistoryMessages":[{"key":{"remoteJid":"6285723701289@s.whatsapp.net","fromMe":true,"id":"A746C60392D21A2D86A61D28771E9209"},"messageTimestamp":1713665498},{"key":{"remoteJid":"6285723701289@s.whatsapp.net","fromMe":true,"id":"240B60B86DEE16DAB786BC989AC082D8"},"messageTimestamp":1713665498}],"nextPreKeyId":31,"firstUnuploadedPreKeyId":31,"accountSyncCounter":1,"accountSettings":{"unarchiveChats":false},"account":{"details":"CKSYqycQ0euRsQYYAiAAKAA=","accountSignatureKey":"dCghPnNaWXesPhceWTzs/JHAj649daNM157zvCvwakI=","accountSignature":"0N8jDFH+guKM0vJO3i/j9FfoJjEKw/iG3cfZGfJX0PHVdHJMNrjGayR+38Bshe9ZUYL+jXL1pzeemRDphDU6Cg==","deviceSignature":"g26caVynhCdYrH6Ix1oJcK8xTRQWT1G6IBKKLmZx4y3/Q/9/PbYmfHnYF6JGxtjBobDB5tYYQ9tKllUOCiSRiQ=="},"me":{"id":"6285723701289:11@s.whatsapp.net","name":"SHOP AI","jid":"6285723701289@s.whatsapp.net"},"signalIdentities":[{"identifier":{"name":"6285723701289:11@s.whatsapp.net","deviceId":0},"identifierKey":{"type":"Buffer","data":"BXQoIT5zWll3rD4XHlk87PyRwI+uPXWjTNee87wr8GpC"}}],"platform":"smba","lastAccountSyncTimestamp":1713665493,"myAppStateKeyId":"AAAAAFCX"}