{"_sessions":{"BSlryI3kqVzomOaIhaDLdOZG6i4OorYbIEyoJ52rnGlR":{"registrationId":1569563731,"currentRatchet":{"ephemeralKeyPair":{"pubKey":"BQGWoRxWWInk6mnyk10x+RWxHI4nPywIaIqnCLLtngcU","privKey":"QEgumu8RtwZi3qf6cPuisId5UQB3vOHoXV31acNd9Gs="},"lastRemoteEphemeralKey":"BfKzfhWOah3M3JX7lbJMafkUrKGve4XWowJ9H7Cy/Zgz","previousCounter":0,"rootKey":"v8Jo5fJpg3R3GiECtAJTFclD1LBMb0jjGMTPTSwk8mU="},"indexInfo":{"baseKey":"BSlryI3kqVzomOaIhaDLdOZG6i4OorYbIEyoJ52rnGlR","baseKeyType":2,"closed":-1,"used":1713665494617,"created":1713665494617,"remoteIdentityKey":"BXQoIT5zWll3rD4XHlk87PyRwI+uPXWjTNee87wr8GpC"},"_chains":{"BfKzfhWOah3M3JX7lbJMafkUrKGve4XWowJ9H7Cy/Zgz":{"chainKey":{"counter":5,"key":"i59ZgnOr+aS9nNRNH3ggSplewrtUpqH+FHZVtAl9wnM="},"chainType":2,"messageKeys":{}},"BQGWoRxWWInk6mnyk10x+RWxHI4nPywIaIqnCLLtngcU":{"chainKey":{"counter":-1,"key":"7rMwbFsun8I5r+Ewm5zDbONWkp3CybWt4ghg4qN32Eg="},"chainType":1,"messageKeys":{}}}}},"version":"v1"}